,bearing1,bearing2,bearing3,bearing4
0,0.008320506217595607,0.009238107867465817,0.01650309054629326,0.0022633470606040085
1,0.00811262303656067,0.009263851918168364,0.01549029581247632,0.002185655059894047
2,0.008421280445885247,0.009287971757032793,0.01605321867629713,0.002201197357902036
3,0.008427176924541651,0.009203067787480933,0.018031416103651297,0.0021784406859216895
4,0.008340031937095949,0.010068204927187695,0.015959161449240034,0.0022518127069905635
5,0.011494727567329086,0.009114632000281358,0.016753239147581707,0.0023152485895748818
6,0.008279213014691297,0.009059283826105768,0.01629449411804731,0.0022151243580667604
7,0.010917002624942058,0.009333757299466793,0.015996179081008033,0.0023766432470936102
8,0.008124682146748698,0.009617445584764989,0.015923772294733535,0.002242908500142294
9,0.008299914935379706,0.00921941481737212,0.01623568958403665,0.002159983874840527
10,0.02427259819711381,0.010085268695204597,0.0162606858525913,0.002557217395537081
11,0.008364916888584007,0.009570798441889964,0.016687948129458237,0.0022584842903509506
12,0.008297393203914932,0.009723659563427084,0.01749846384711591,0.002174299376809151
13,0.009143494700041874,0.009410468823233965,0.015802928162792967,0.0022788326707934735
14,0.011523506476297601,0.009013615641515451,0.016204491555678338,0.002331097604063941
15,0.00832958738444992,0.00951962360280036,0.016686449968488393,0.002166799028693055
16,0.01643600577612786,0.009250250314691368,0.016010530007617332,0.0025953580778728135
17,0.009993683142025854,0.009301622430361886,0.016116331448663417,0.002260087944157309
18,0.010342674393178571,0.009107012439935886,0.016516376414819546,0.0023840863100885595
19,0.009894417438368018,0.009349222684413978,0.016115296995958643,0.0023036147753189547
20,0.0101180390810364,0.009255691688520914,0.016230591385604842,0.0022867269514088677
21,0.017499315504528174,0.009174404245412708,0.016209651297149227,0.0024090492788345604
22,0.008322712783871679,0.009328394648238196,0.016472445637257117,0.002147128254880114
23,0.00851760577667485,0.009045872633274929,0.016302349296581847,0.002195818851194313
24,0.008415438273541237,0.009915485682414637,0.01655484657017983,0.002316639494377889
25,0.008320933199059676,0.009662179190927475,0.016505366956359933,0.0022121562427812086
26,0.008204817020058604,0.009521362010721908,0.01768017679225385,0.002208485209585742
27,0.007754812455497068,0.009637237925751406,0.016765567373836783,0.0022261564412905622
28,0.008263197280883358,0.00970049537276713,0.01638377751178517,0.0021711594441972478
29,0.008172021761972058,0.00941723071834812,0.017226972067455083,0.0022569948474511423
30,0.018210991510523092,0.008902587274734742,0.015860948589599303,0.00249302304964363
31,0.01038966812192878,0.009290310885469062,0.016496315682564135,0.0022967589191159052
32,0.009545438837069587,0.009398770359265085,0.016174709393174766,0.0022684428296208268
33,0.011603915049170334,0.009428502812403594,0.016478136801629902,0.0023968662940257405
34,0.010217896262831719,0.009376378831205505,0.016587337785806157,0.002282081755455588
35,0.016238193715397857,0.009032007006721663,0.015750867725724316,0.0024637373016029793
36,0.008197063176863851,0.009702447936914913,0.016653920969548194,0.0021554166985869603
37,0.011425217524732705,0.009522681258720592,0.01657675933652694,0.0023217038732856153
38,0.009063765483332906,0.00907680584629328,0.015955929412859567,0.0022651958509667318
39,0.008307787748666636,0.009287781642779259,0.016693065739979304,0.002271309669918484
40,0.025017157685196686,0.00978102116287349,0.016776956742289226,0.0025990441759442197
41,0.00823771295232763,0.009274593471899985,0.01795856889885203,0.002253597295272374
42,0.00803915334200213,0.008992386015814705,0.016292460254447895,0.002180205515021903
43,0.00828044008385884,0.009306934312942206,0.01638349903636102,0.0022616942050551697
44,0.010249061003627465,0.00917547186679047,0.015815706608579082,0.002406301556638275
45,0.008538509754506164,0.009186184381130526,0.016043343393270106,0.0022519951077182125
46,0.011242798558839924,0.009483971986667693,0.016511478329087892,0.002276763823491707
47,0.0077692227605717324,0.009674485359154637,0.01612222345124517,0.0022240158746078013
48,0.00856500412012171,0.009382204435521475,0.017588149330284908,0.002203703897851208
49,0.008384264584045209,0.009329251638133296,0.015801274210263155,0.002294995794965264
50,0.008485106447455591,0.009446569517001128,0.01653340213035895,0.0021941371198234546
51,0.008356718409897436,0.008822087260562547,0.016382787110295286,0.002253587142725725
52,0.011374770517670163,0.00881912959999808,0.016183405126236693,0.0023268356506370752
53,0.008339834870534833,0.009299985082781275,0.016199296816356942,0.0021988912260707287
54,0.008292468615061206,0.009285588095859151,0.016048802104965617,0.002212566544286493
55,0.008210588488529166,0.009561817099879955,0.016692380350411623,0.002165791357322636
56,0.011131582522303021,0.009282980985212505,0.0163593129292837,0.0023817713062013243
57,0.024475664820855426,0.009303253826316466,0.016118747536908208,0.0025177250868569446
58,0.008561697406920914,0.009127366996646269,0.017086114980203366,0.0022170924120281585
59,0.008268988998041741,0.009584998243675709,0.015839672207441438,0.002248316806302741
60,0.008318622507264038,0.009324666788526363,0.01689343493455609,0.0021724125804019156
61,0.008453544558607012,0.009739919027696328,0.01741849045570735,0.0022355439080089003
62,0.008265029353397457,0.009233071683923316,0.015716718988473308,0.0021804625987406883
63,0.011541050723976305,0.009225353428248916,0.01613330842185564,0.002417942783827618
64,0.00834407130466483,0.009058594976239887,0.01664503131042408,0.0022309013392981334
65,0.008324117913006298,0.009167241498462743,0.016202208028987017,0.002230339409749444
66,0.00830840249273358,0.009514168521818977,0.016794238866474145,0.002245777554434429
67,0.008330691303035778,0.009201928370863888,0.016642155611226846,0.002239899485800551
68,0.023104848082599855,0.01012605715279797,0.01661451486346125,0.0025372092828143686
69,0.01144933928178405,0.009269618409688582,0.016622608402541934,0.002326115750046922
70,0.010561521674784694,0.008827833424646131,0.016186881080002734,0.00225069571155562
71,0.017498581025387875,0.009386787761733295,0.016013287532556063,0.00246632679800468
72,0.008069648408050224,0.009669032898766429,0.016587157492101857,0.002193596255294739
73,0.008123300516734029,0.009295630978843398,0.01657723791844508,0.0022174928832347784
74,0.01053483167480139,0.009203303352580863,0.01613489426443017,0.0023359391175007287
75,0.010619251318707735,0.009055242314868582,0.01657454555930395,0.0022937440719747546
76,0.008186124704906036,0.009296019411706272,0.01615338707384274,0.0022002068440557633
77,0.008152333197498484,0.009702661993907293,0.016903415671386625,0.00224099110773161
78,0.008658886489612432,0.009671366719591266,0.016796517249535,0.002244146099755157
79,0.011241253988174696,0.008947271895632065,0.01617323218869251,0.0023203554751047234
80,0.009629897680555135,0.008960946243332114,0.016008122697358212,0.002303909953483285
81,0.01748568268104392,0.009285438380544119,0.016260526337748993,0.002520587936821879
82,0.017446395969173214,0.009065295219496266,0.01562889440262573,0.002478567989261081
83,0.009245907520099357,0.009446200921712087,0.01668581330637239,0.0022797994689551936
84,0.010405748566416524,0.00910465404662348,0.016174393023559663,0.002266710396530644
85,0.007860226859361975,0.009435533850568438,0.016993559998228207,0.0022078756040327706
86,0.00841311994607325,0.009472930202380027,0.017087261527895435,0.0022549034483061847
87,0.008502748574370382,0.00911274974173429,0.01667698972854816,0.0022313804439209536
88,0.010012186797486756,0.009444448527812637,0.01657500918433192,0.002298520005137558
89,0.009889663280261914,0.00886899470115228,0.01574690747022343,0.002294904290693661
90,0.008442922866303154,0.009632547337253515,0.01634580388263744,0.0022815659491792137
91,0.008294047548855904,0.009779406926614512,0.01690485250578077,0.0022329870103219686
92,0.01745586539186456,0.00940327505068457,0.015407689090192477,0.0025305104565985182
93,0.01093786019402232,0.00923470231879834,0.01677419030302879,0.0023354697002639095
94,0.011802148499506327,0.009345347682020607,0.015829436200083306,0.002317660694739301
95,0.008182292871542894,0.009219824041734732,0.017560036645129954,0.0021249585352076505
96,0.025388738658843665,0.009830546904447929,0.016576385241220966,0.0026040866429702255
97,0.008309548069748792,0.0096943477982617,0.016151127632166973,0.0022555510043637565
98,0.008306036134685729,0.009459417109943045,0.016381184009476458,0.0022167758778884727
99,0.008412440342980835,0.00923772174019015,0.016714899222878832,0.0022044210035518114
100,0.011759492807676224,0.009358302928328127,0.016325956604943532,0.002330143830295041
101,0.008478052450598624,0.009441359287446459,0.016679132355384978,0.0023079217180582592
102,0.008229081331268892,0.009193946944759772,0.01902109996685751,0.002267410102972779
103,0.008044238428314062,0.009538720050495896,0.017107599195808787,0.0021947063053051772
104,0.008461752253932697,0.009363538370373304,0.016164159681672955,0.0022692226365965545
105,0.008319476163889946,0.009196358321082728,0.016158686211713045,0.002282454730520022
106,0.025245904552026466,0.009102742064457929,0.016491762512452258,0.002490906245340407
107,0.01114054925325662,0.009459477292906165,0.016702258829689502,0.002323324382696685
108,0.008240683538157725,0.009344746362973527,0.01688850843660357,0.002236842202677597
109,0.00816257865621024,0.009322617725065069,0.016429969177948853,0.002216388526194475
110,0.008374134509051594,0.009166967363607916,0.016345675137486724,0.0022056470923837077
111,0.01746194509784685,0.009123426995415046,0.016143345304127442,0.002367014529392094
112,0.008409784512798963,0.009571148201016847,0.016899756417684764,0.002175500835051823
113,0.008096902233119013,0.00935983429296048,0.01623362445825826,0.0022174095501424377
114,0.00812159710500235,0.009630315308874395,0.01710912830680268,0.002205470452972519
115,0.008323661564454759,0.009074418586462085,0.016619957741450836,0.002241459814799056
116,0.008289761783120544,0.009668159917468968,0.016250911005254852,0.0022187956994677866
117,0.008282199912376553,0.009562862564839531,0.016586744430775395,0.0022179891549364786
118,0.011149700587895089,0.008860338829229195,0.01568302942649557,0.0023538794399876883
119,0.008055506361189402,0.008944276724623982,0.016355029124665056,0.0021897661314326305
120,0.010779231399518082,0.009092828911430838,0.016226590095954944,0.002311995961276042
121,0.018453486099857665,0.009213291096150218,0.016137851267606185,0.0025927750193169737
122,0.00828551124842224,0.009848499840426555,0.016880841917178483,0.0021947442273808192
123,0.011396995953494015,0.009196402116285397,0.01627987056688006,0.00237154516046859
124,0.010612822360625915,0.009055054133873393,0.016165691925914612,0.002277336633499177
125,0.008915121369631705,0.009508552381138125,0.016520410623604063,0.0022837887027640142
126,0.010268231003778567,0.009381952400436079,0.016733123408687135,0.0023692145320013593
127,0.0082697684716214,0.00911798087420054,0.01746655436532049,0.0021619777959652957
128,0.008305500072665752,0.009635129206144254,0.016662572340022642,0.002248686899277705
129,0.008569087241124157,0.009677982171514589,0.01647600534355108,0.0022442637913878336
130,0.008221418614583429,0.009944508396601517,0.016785984455528445,0.002245780942339541
131,0.010357846392308339,0.009129731317323347,0.016116485547105514,0.0022557917684935726
132,0.01179902164370017,0.00973596474776324,0.0168100891388481,0.0023193296302791776
133,0.010039290795028907,0.00906745810226794,0.015943698787274706,0.002344216854037537
134,0.009056594714770983,0.009412404877976784,0.016491738055509714,0.002243056955291446
135,0.008351815187086546,0.00934735946576957,0.017615294525471815,0.0022385815989657727
136,0.008302796569071277,0.00974685676280534,0.01593168473616864,0.002187244671876909
137,0.008439531224672229,0.009563968777904714,0.01624954783519862,0.0022291835450901857
138,0.008351775209647033,0.009262516904320003,0.01672516575781353,0.0021710293620895225
139,0.008128542405275335,0.00926065574781752,0.01663213296382409,0.0022578670571912927
140,0.008375058222829372,0.009504648277907972,0.016295744277641033,0.002237446117093418
141,0.008110962709189864,0.009662574983184203,0.017273777685577286,0.002195672462687379
142,0.00811338851732818,0.009542095021891173,0.016737417387928284,0.0021583024394394293
143,0.009894352179278969,0.009319013872584155,0.016456781345229682,0.0023060259246283615
144,0.009053608986109817,0.009464109311548674,0.016786838440675987,0.0023314635894253672
145,0.010016817455328866,0.00927129389448916,0.016570392950497614,0.0023127195315438684
146,0.011263180978479004,0.009306228700331001,0.016398721298022348,0.0023144395540391745
147,0.00813948531757984,0.009201859110020605,0.015834756460964806,0.002311000585705693
148,0.008073226681925104,0.009445886731534396,0.016637378741661143,0.002191127691661309
149,0.008016279607507204,0.009408051919639952,0.016133484571138657,0.0021702686301324743
150,0.008206632862676921,0.009195975772986621,0.016644314570483272,0.0021689288602456122
151,0.008976077365058711,0.009580241654710168,0.016944893059490276,0.0022562527573651873
152,0.010714669283152645,0.009046089752783978,0.016089633207851523,0.0023423792217587237
153,0.011775345735590772,0.009276286859496392,0.016048676212458462,0.002293047268450248
154,0.010164010188671711,0.009291979051348858,0.01647470367046875,0.0023059004615995663
155,0.008234168498176268,0.009183233824111922,0.017120408550821843,0.0021681863615645018
156,0.01671752524919616,0.00955596857533966,0.016581078290491998,0.0025889277137343602
157,0.01131297359775944,0.009209680858784871,0.01649067403127904,0.0023746371344271315
158,0.008506715792116424,0.009353950653411894,0.016694619534096677,0.002242772559704056
159,0.012536943827753642,0.00936966413315577,0.01581443066661435,0.002522579590516767
160,0.00807062407699578,0.009816813694616282,0.016197245550929086,0.002230828732550008
161,0.008061041783540567,0.00923058473420963,0.016353987949413062,0.0022007156086828903
162,0.008209651729727615,0.009722189806836952,0.018487440187115817,0.0022557570500967685
163,0.008126617579917434,0.00991890003755123,0.016520238822261,0.0022027128508517266
164,0.00837942179152907,0.009361400148108549,0.01631951273246752,0.00218536158767884
165,0.008113247543284144,0.00954212316437487,0.01659357714507711,0.002187197029419473
166,0.015502427831765121,0.009516360623524131,0.01639102083128437,0.0023833088862222477
167,0.02029771309674256,0.00931540633161645,0.016289197444594443,0.0024846094722543177
168,0.00806122280581632,0.008916443576401986,0.01627641935307915,0.0022390992439032253
169,0.011814140154109875,0.009015314511109016,0.016583487116824405,0.0023379212632688162
170,0.008109474135530438,0.008826447400613523,0.016382101839602585,0.002132754598807271
171,0.008030594044572566,0.009251058832066726,0.016611659016788377,0.0022411019885872035
172,0.015519167650017322,0.009364588995113107,0.015491260666632919,0.002492351577814883
173,0.008368104886255034,0.009400064470644409,0.017481928923319713,0.0022187111159869682
174,0.02107456280539136,0.00946906879028034,0.016403976260667672,0.0025828185947228666
175,0.008234555097559677,0.009836264165199083,0.016250751719291148,0.0022020330404495347
176,0.00813409000608768,0.009356251831244392,0.016316016478849914,0.002223553437534548
177,0.008322387244405004,0.00911363147720783,0.016439004245456204,0.0021890013190240093
178,0.010456229066709732,0.009455003390245895,0.016087547574651244,0.002420845407230784
179,0.008657838417886763,0.00981204529508618,0.016553219727966053,0.002298929677280909
180,0.01130371087660124,0.009053167720318521,0.016293323298089496,0.002306302367997595
181,0.011853303576731561,0.009132848067232982,0.01582300347083207,0.0023565606618499483
182,0.008202739038250017,0.009778609879971568,0.015696445100219315,0.002211620142674125
183,0.008314691311238406,0.009225662683683102,0.01703581077063093,0.002138789748102534
184,0.010730737446341274,0.009252694621983129,0.016221500567272635,0.002299724106349302
185,0.008108843724504676,0.009126214411963447,0.016523544959088754,0.002265476194388819
186,0.008130416061018931,0.009149559709189705,0.016099191109746135,0.002110140229730382
187,0.010026248267009524,0.009709386259389857,0.01620583617997561,0.0023251273671691494
188,0.01814795622470955,0.009022558640065678,0.016567341006483417,0.0025102067109148353
189,0.009199077856370207,0.009033764739052683,0.015860978638821667,0.002266483151986776
190,0.010255311924143428,0.009418233551101614,0.01626105582601943,0.0023790589222818935
191,0.011259987408568782,0.00961736432640227,0.016327380937089693,0.002443630926491599
192,0.00982768842862654,0.009039856341849818,0.016190920635699782,0.0022918803517929516
193,0.008232020945174902,0.00961071419966942,0.016508807405417242,0.002152862144002836
194,0.008234698039954158,0.009613076311744274,0.017560315410974685,0.0023029834991297395
195,0.007876693465264028,0.00936315733814303,0.016301001596157903,0.002262979188805519
196,0.008233079172335112,0.009480634437897404,0.017090132743528746,0.0021959977956938275
197,0.00837470045839837,0.009221740906152406,0.016269098145217896,0.002250837983202414
198,0.008383492317468946,0.009095979962913791,0.016424080172349018,0.0021981066293971256
199,0.00829126469131746,0.009995830115120636,0.017844291768808997,0.0023188977087479257
200,0.0080424313958801,0.009815479797901847,0.016493780587093936,0.0022328229945076535
201,0.011997953241623272,0.008837479546930403,0.01608166966422369,0.0023094679840827467
202,0.010208921613335684,0.009333407497388431,0.015909278927977746,0.0023036821140646046
203,0.00907714213804657,0.009305938623679231,0.016620139258991418,0.002247109657847454
204,0.009796625143853092,0.009172292762099167,0.016300082946725275,0.002370824387760071
205,0.020784557268001155,0.009108727279457605,0.016043461809753835,0.0026794266463177887
206,0.010626969410776349,0.009177042914975894,0.0161697003315127,0.0023483673996054035
207,0.008089512976216223,0.009369118242941905,0.016594448841161326,0.002173526472440579
208,0.008524233721792781,0.009553831955416547,0.016438378314608065,0.0021593678755721605
209,0.010324051083233907,0.009243987516883614,0.016112878073617838,0.0023057959740803544
210,0.008277127797059282,0.00950492806064145,0.017284896206551673,0.0022581846580033305
211,0.007824754443780285,0.009392037177933688,0.016314084654396783,0.002121762730156805
212,0.011356346324496558,0.009331315039776727,0.016335547516697115,0.0023368394747218424
213,0.011236170617662602,0.009303032881474023,0.016134714182780282,0.002313961353213165
214,0.010053581626261132,0.00917374147395435,0.016369555722928378,0.002293624693768108
215,0.00893653579065732,0.009270162608103014,0.016620203809009318,0.002268914520775457
216,0.008064307717741524,0.009264793884962952,0.016557491552259877,0.002247357964026301
217,0.008206436626456818,0.00954015536928552,0.016564133085900774,0.0022118421360737602
218,0.008292935357213944,0.00941329328298108,0.016298974979033008,0.0021865619181071303
219,0.008108830901749905,0.00955515876913395,0.017251043010403304,0.002154320919719606
220,0.020243460528179585,0.009560357578044298,0.015741994431177117,0.002442427543042733
221,0.012369850670649277,0.008914343181070036,0.015965697795779325,0.0024539251166714147
222,0.008229969240338069,0.009293641594502876,0.01632810469470889,0.0022823487013249348
223,0.008388654156134987,0.0093858530217308,0.01684536184389258,0.0022238014796372627
224,0.011719969554567698,0.009389850954947532,0.01621148279402534,0.0023545283416736736
225,0.00804817682344652,0.009546113570457353,0.016185648990986255,0.0021851553862368457
226,0.023926884570322007,0.009769463288039657,0.016323509596481853,0.0025333228047259813
227,0.024659810620876053,0.009741368034975573,0.01685725487577673,0.0027211485011339066
228,0.009561631561779858,0.009480216197530412,0.01691052523501222,0.0023474035423828284
229,0.02080475316521346,0.009334585204027326,0.016342215639793496,0.0025918481662153816
230,0.011390431292887134,0.009476522158458782,0.016845076275106133,0.00232279634583022
231,0.01130447504582013,0.00924893246653459,0.016439925777025,0.0023334406389003714
232,0.019439824981591972,0.00929835146568415,0.01618599114812317,0.002615128893250964
233,0.008208826818799376,0.009602352974053015,0.01698883648057481,0.002174732780895153
234,0.008209609855082884,0.009601282128165013,0.016704258857158354,0.0022971424800064325
235,0.010788480993395237,0.009242415053098432,0.016475995376586765,0.002357543234207537
236,0.010050854680073827,0.009345838508526286,0.016802579439348358,0.0022763942194326215
237,0.008378623322738218,0.009292487406545825,0.01587619797572679,0.0022341305834561987
238,0.00829366191053939,0.009836131422390959,0.017430413946478086,0.0022402093169554414
239,0.008148393325135332,0.009332444115514326,0.01649063974910855,0.002117047429986115
240,0.008768096487082088,0.009314896602618862,0.0165098659962242,0.002263290825481313
241,0.011244721709991247,0.009339084775602923,0.01635273970463444,0.0022871835282665784
242,0.008035988298138298,0.009142947624528648,0.016408382064397743,0.002212843202599548
243,0.008123062336306778,0.009687592680108423,0.01577802910049083,0.0022512133829893062
244,0.008127506991508026,0.010519487758877934,0.017096433632547925,0.002230150820569583
245,0.020868444968749844,0.009190957726432362,0.01664120638721682,0.002533011194268138
246,0.008215823002114988,0.009430432058220882,0.01745945450605363,0.0021700656878299823
247,0.00826008400654938,0.009257971096384378,0.016888454168334774,0.002232878553464571
248,0.008278623877295494,0.00910679095028901,0.01649762535394728,0.0022296545064379005
249,0.008110026119577927,0.009609280879192578,0.016372076728114877,0.002179142422500761
250,0.011075637612988343,0.00920645635766133,0.016423249535686756,0.002407070908768431
251,0.01203676253198374,0.009548497372055965,0.015961619515169362,0.0023439988929587798
252,0.008246063639738474,0.009310572967791374,0.01658024408299179,0.002279688980783094
253,0.007951660195912999,0.00936487046932541,0.01681152916498728,0.002281476267558439
254,0.008019404964997987,0.009587965016175688,0.016381363027269325,0.002163970736647101
255,0.008246754798371635,0.009565798871169543,0.017419800989568003,0.002214334435184386
256,0.00832121567505009,0.009118942341362762,0.016411489954918965,0.002151710989484761
257,0.008192838379986625,0.009406854289385523,0.01683855314057249,0.0022351884414409115
258,0.012253496211286338,0.008954325291239013,0.015979391470394132,0.0024146121335335115
259,0.011490763480722291,0.00885023177944776,0.016069917034250376,0.002318557321660769
260,0.008166539919193673,0.009580726551910073,0.01624580491232947,0.002229560636067797
261,0.00813791539005488,0.009353136052953282,0.016269560631838077,0.002219247598593121
262,0.008119129393852271,0.009197697548098311,0.016272121994237856,0.0022244533403863124
263,0.022914366930073413,0.00954933778094928,0.016722784198456048,0.0025626864808674984
264,0.008169659136277131,0.00918121375671983,0.01700170936874458,0.0021660128862841595
265,0.008324183342239869,0.009525586878613795,0.01699497783237809,0.002122679951267565
266,0.008323176936343032,0.009518578867285868,0.016805492205876692,0.002196120568412049
267,0.008100379813331698,0.009571313774942908,0.0162948175710085,0.0022316612227235165
268,0.010962514281101138,0.009291568048409672,0.015492760135083324,0.002337990625467494
269,0.008366643880917188,0.009162849721662734,0.01623296221559055,0.0022824320676802824
270,0.008359543347690747,0.009783555638489351,0.01645009035140913,0.002243560890418373
271,0.008047401315032694,0.009396226535000062,0.017476425714639907,0.0022137525664693773
272,0.008144182795566335,0.009342838694519,0.016698519341793935,0.0022158080119251285
273,0.010320165954256048,0.009425900306548673,0.01606580517580367,0.002319094519314017
274,0.010729402147246589,0.008977180064013717,0.01641397085717352,0.002419232381354665
275,0.008290969488126106,0.00950955409414039,0.016131938126490997,0.00222475609913179
276,0.008167032423071423,0.009378616692449633,0.01697396173938144,0.0022285168517583945
277,0.01854409573274489,0.00953552464226029,0.01631573279858361,0.0025121750036754273
278,0.011292944390282427,0.009161285459716874,0.016104517908815886,0.0023214292896931075
279,0.011615521969330422,0.009121334411060665,0.015650067958024455,0.0023044353065980925
280,0.02057005086783146,0.009471695071721404,0.015898888880084762,0.0024751192603190493
281,0.00966688211868973,0.00940879297232234,0.016342276022766822,0.002216400557820495
282,0.02360172419151206,0.009433043563254376,0.016757058609399456,0.0025950281596818113
283,0.009905166963170668,0.009199696791772731,0.015832714195183,0.002385192671639093
284,0.010300989648301461,0.009192266656403943,0.016425211310020494,0.002289222615505488
285,0.02124049207140727,0.009257589364836595,0.015634335323318628,0.0024991412825769357
286,0.008360768756568075,0.0091943252639991,0.016713350901803207,0.002156261616079058
287,0.008103204212835743,0.009291407959453936,0.01626496467195679,0.002217563029293452
288,0.00806184595979518,0.009088827013163454,0.016514383353008574,0.002173178481913754
289,0.008326567471442375,0.009939240141220058,0.016887047217375127,0.0022197261177532564
290,0.009315179758930807,0.009553502157142568,0.01659912480341417,0.002302943006433565
291,0.011304915472983084,0.009503628043592907,0.01665066537829354,0.0024159082756806194
292,0.008255740403314886,0.009754207426172685,0.016847657306270244,0.0022364990369755575
293,0.019611234097993785,0.009127300752706161,0.015592846752357073,0.00261732657991715
294,0.010323493494909325,0.009461359199830753,0.016977952854189682,0.002291205805944256
295,0.010565957329911923,0.00900219459807675,0.01581071631727899,0.0023853850124509147
296,0.011561596267620282,0.009455778980262501,0.01627000006325134,0.0024217111610196932
297,0.008505641620118437,0.009343393641510222,0.01639172661786643,0.0022881191901812817
298,0.01771151449416164,0.009176187723981995,0.015575366531467674,0.0025457312009155627
299,0.008304060191390772,0.009716414921281806,0.016136146690749396,0.002194001810686046
300,0.008320099353235492,0.00928068236256431,0.016486244215501936,0.0022173905962249423
301,0.008111304761049702,0.00940973036389979,0.017728103466222177,0.002182758232867955
302,0.022375798365399505,0.009638339269815586,0.01658259444228693,0.002512013488201758
303,0.007972468239245115,0.009804806126378976,0.017413307908171187,0.0021989754338806117
304,0.011236855540328135,0.008961319751704253,0.015983774121241898,0.0023252503107656615
305,0.00848306432739998,0.009586349840310145,0.016897019981850184,0.0022577563500090483
306,0.008292247076663076,0.009516230498663602,0.01629924566608713,0.0022911491836981436
307,0.008169234833942276,0.009407990923389488,0.01646894397958492,0.002187202367678822
308,0.00805899288430571,0.009728383325038089,0.0167199091314491,0.0021922523583741017
309,0.008133694107798727,0.009540786020037679,0.016535902271928332,0.0021742763037318567
310,0.008183569285691139,0.009359876543705601,0.018282813738829735,0.002108126900845505
311,0.008424793345820848,0.009060446420313225,0.016327018704948508,0.0023187912905767256
312,0.008312149626231368,0.00927274416771785,0.016533539278612286,0.0021293347466216058
313,0.008438511899544077,0.009342702330097458,0.016578592807315704,0.0022373780157694647
314,0.011049456348204235,0.008975443290665075,0.015536230887858899,0.002347181950695893
315,0.008162880828440942,0.009787447780415811,0.016029447640818446,0.0021524596350040405
316,0.008566204900992809,0.009509850927321706,0.017505990685972955,0.002237542537565957
317,0.0215981637627678,0.009843931835808006,0.01577636521940903,0.0025795040995094604
318,0.008374332954803741,0.009554299732412432,0.015792229952810218,0.0022735300184276116
319,0.008046533336067929,0.009257280375132968,0.016622454559952055,0.002220591225155789
320,0.0192129365668303,0.009797119177310399,0.015818411716668587,0.0026493889056891312
321,0.008975286969401653,0.009385411731312465,0.015973505707322293,0.0022016328294639717
322,0.011653541898861943,0.009238262730504945,0.016662483296480436,0.002316036398021605
323,0.010771385986833549,0.008955514205046866,0.015931182166752444,0.0022644533927203185
324,0.010337299250837567,0.009410944167832898,0.016416377219729647,0.002271936883957696
325,0.03199362794455642,0.009503891640453017,0.01614831876615938,0.002797067110573665
326,0.008093145043646726,0.01000752681559975,0.016627576620256275,0.00214757759837321
327,0.01139541514381738,0.00928128602329355,0.016878120729032754,0.0022819356171520765
328,0.00941943711679962,0.0092827020387675,0.01668655533586899,0.002258425989451836
329,0.0081712145870862,0.009596114409825315,0.017721797719408426,0.002262056107389601
330,0.007982716740587877,0.009417145287537718,0.016892792697838548,0.0022724866932477797
331,0.008200340895119472,0.009853790291583064,0.016566095939772527,0.0022277533344272956
332,0.008300184323153595,0.009251655510365768,0.016312823258333067,0.002186816486377723
333,0.01991484414882419,0.009381471669443971,0.015859287821811053,0.0025973850868238006
334,0.01030663916989033,0.009124256635825018,0.015963466534528747,0.0023023414937476177
335,0.009906027506385848,0.009129404920223752,0.016401036812479907,0.0022417964871232474
336,0.01993937618390057,0.00933931757428914,0.016230338205608996,0.0024960922953448242
337,0.009940153132371257,0.009746277046810307,0.01636485244225657,0.002312493705786074
338,0.008910378876093484,0.00942563187601676,0.016425040452893537,0.0022007084138347946
339,0.01098982538126968,0.009279072523714984,0.01629680784258744,0.002307553789078532
340,0.022449096719495333,0.009744724047838375,0.01669141135372118,0.0027312745722799237
341,0.008339885406945559,0.009689918377313336,0.016193903870580735,0.002190607452758811
342,0.008181872975831448,0.01011804087028486,0.01793328470943476,0.0022955675399644535
343,0.00822685990507098,0.009197090518373661,0.01624796916206172,0.0022144166126659348
344,0.00818179556802066,0.00946053760708888,0.0163921612726655,0.002205898749830088
345,0.008528370263503499,0.009269069900185714,0.01602221678620035,0.0021977690663088716
346,0.011381614368527197,0.010015622396639858,0.01621803588568138,0.0023577442342814807
347,0.011765682766175102,0.00961488164418718,0.01663279681863699,0.002336602431193039
348,0.01111033592127434,0.009233021255810252,0.016112856204482565,0.002293438419025325
349,0.0081445171594383,0.009828808154251138,0.016265424431668497,0.002217384901016404
350,0.008314634101369112,0.009765303010859944,0.017786155832983052,0.002226621813859587
351,0.009540100312046794,0.009522417311881876,0.01639869447386528,0.002238126507697207
352,0.00813600005300237,0.009281198892542508,0.016618203431970558,0.002227971982371967
353,0.008151978654146994,0.009845051615809432,0.016480401163804382,0.0022582509460855418
354,0.01113140642539518,0.008994230759816424,0.01622436826788841,0.002365514166007758
355,0.019081319972617743,0.009140508360432889,0.01593115537302133,0.0025769391393468495
356,0.020992287989412627,0.009276507414737054,0.016378002496827707,0.002511665113184614
357,0.008257828549468802,0.00922824912589609,0.01668130765184648,0.0023118701146305825
358,0.008299040503606199,0.009672098154102606,0.016741367415692127,0.002161320467545206
359,0.008209247765943511,0.00932141715774247,0.016385380552988237,0.0022312282560252384
360,0.008428155850400354,0.009110170833194594,0.016637718848673922,0.0022127540327084158
361,0.010769949202336692,0.009091266625450739,0.015948945675642017,0.0023152791726924176
362,0.008712445776517785,0.009391487774884476,0.016927971644950825,0.0022257891494483345
363,0.011570759585434055,0.00889941900309587,0.015740361234858505,0.0023523352706372814
364,0.008510631058721073,0.009018693374873904,0.016560010573898915,0.002248823331815717
365,0.008260835202852337,0.009579299000916187,0.01707116653192333,0.002208671766176417
366,0.008304923326240676,0.009130942115873376,0.01612153435952833,0.0021550226910427442
367,0.008521213426759489,0.009222485443056276,0.016538420235433837,0.0022421053167826464
368,0.011105894616036685,0.008922602783964489,0.01693103730093657,0.0022514791121531954
369,0.008151572795111082,0.009343217140596546,0.016717506602079227,0.0021881068245699223
370,0.011596706801948548,0.009113550098618924,0.01605158565604185,0.002295621303814637
371,0.00831298130233224,0.009634107234596543,0.016386021762461206,0.002152152423682328
372,0.00807172943014413,0.009268212112977025,0.01618209152051856,0.00223026764217464
373,0.00862780706843987,0.009937152207141498,0.015997141004171544,0.0022390744328659694
374,0.01997411896135432,0.009420816512416072,0.016488352610751753,0.0025462051617295917
375,0.008446304832463374,0.009468121455936885,0.017193671028989513,0.002239474573487746
376,0.017576309002264867,0.009039599673647949,0.01574209458109516,0.0025420731583025028
377,0.009783015710388806,0.009108901056621942,0.016071437561356698,0.002381609106503469
378,0.008334491922190341,0.00931912042561685,0.016802349370523145,0.0022948841285909986
379,0.008052618733098874,0.009439700845428547,0.016048553531866322,0.00219106852619979
380,0.01014005894410703,0.009094657511192861,0.01579487045808852,0.002266926407910802
381,0.008356024568129849,0.009622060334387283,0.017663505916403793,0.0023307121017521575
382,0.00813021499665489,0.0099243402628186,0.017038937353719856,0.0021933830055562557
383,0.01157727933337593,0.008987681589663756,0.016067271557539585,0.002352959524234472
384,0.01166378327174152,0.009214877898349436,0.016036064489974182,0.002233744195411566
385,0.009012795558509652,0.00924787619158615,0.01631942186252272,0.0022814256451848926
386,0.010637957660390268,0.009234118151631051,0.01670695353558796,0.002267882584109272
387,0.008350038529496218,0.009138847213686244,0.016635632638542747,0.002251049490299047
388,0.008157437028635547,0.009180151578150955,0.016191894378176745,0.0022044825192198657
389,0.008372361110230746,0.009920898180755063,0.017312795098515923,0.002247254450466457
390,0.008137845489071292,0.009444068632581633,0.015977669451396462,0.002193939602035612
391,0.009672132404548273,0.009258459636616064,0.015967913538945222,0.002240172868629025
392,0.013333219877739845,0.009156067571530722,0.017132597334921985,0.0024334703330386857
393,0.009952476437032662,0.009289986815183759,0.015875414918621895,0.0023695335736156104
394,0.01000507889161913,0.00938514246552493,0.016652902868374883,0.002281267406575115
395,0.01867317414710501,0.009304762019579776,0.01619596047207681,0.002517497063682813
396,0.010508575758020274,0.009590598038266018,0.01637281167003733,0.002362861502942343
397,0.01014602803618065,0.009403388544756922,0.016454316011646222,0.002338515824830012
398,0.009648563571956651,0.009264121991005365,0.01584183664019232,0.0023051747306954036
399,0.010194584219989047,0.009292704613918474,0.01595376764289918,0.0022727435287250492
400,0.008344269912762325,0.009851384361121669,0.016609576472304596,0.002236603910997103
401,0.00828672714305519,0.00961501512947965,0.016126265260201156,0.0022103759749025724
402,0.00812625104154777,0.009490510876625564,0.015640380741904606,0.002242570788469877
403,0.008321635255111608,0.009349991799591754,0.016897225408358384,0.0022494883399561084
404,0.016632302345809223,0.009160525846783344,0.015319721587175709,0.0025275283322623663
405,0.008279994715142493,0.009817624885706696,0.016347918385524664,0.00224881881227243
406,0.010967085528390229,0.009334313049594088,0.016054497287600562,0.002370188870666783
407,0.011780304819591749,0.009334949763779271,0.01639316101670185,0.0024270309076253236
408,0.01075695974219353,0.009047176868994472,0.016386109731227706,0.0022966315377957198
409,0.008830742880281274,0.00922948757943887,0.01591380318519958,0.0022491627815929447
410,0.008171493229234852,0.009682428589334532,0.01691647607387712,0.002228739552139514
411,0.007995918917930297,0.009530954130114618,0.016723536456817276,0.00212085094504508
412,0.00797999304070524,0.009408057008104417,0.016807375822674997,0.0022738882805946234
413,0.008301791814737138,0.009151086284263515,0.016116862041665042,0.0023748652749686584
414,0.015714990093185808,0.009129282626938413,0.016088785323245328,0.0025511677770150773
415,0.008854800619214667,0.009123104855312857,0.01609143678658496,0.002343037487936842
416,0.011118315206821421,0.009330273715824292,0.01635507962946934,0.002303518393817378
417,0.010957744631465479,0.008985864801222047,0.01599339650923469,0.0023701387934128137
418,0.008153310695666528,0.009396631922001183,0.016669582990597873,0.002263785311225967
419,0.008096206994891421,0.009529925397753363,0.016552134366129692,0.002186721726475686
420,0.008126141316741081,0.009753435265324847,0.017003610640242722,0.002183425741766855
421,0.008509077702583676,0.009448308789659333,0.017980517134931616,0.0024050038061758238
422,0.0084556387724086,0.009324718673760442,0.01628800796191214,0.0021778627206769548
423,0.008489551425222078,0.009440196315167623,0.016428621316509552,0.0021749078398903233
424,0.008060781354614785,0.00914099522902673,0.01618149613352884,0.0021777106230371555
425,0.008128146005429382,0.009139023362036527,0.016144121601221764,0.0022287496732225492
426,0.008385819551356165,0.00950250241070186,0.018783009730011964,0.0022537837329203573
427,0.008294724048882776,0.009267573962733915,0.01669810246499249,0.002236485019990779
428,0.008425800052592292,0.009385073136260151,0.015866294908638896,0.0022180077124032025
429,0.008175649697322589,0.00912094112511054,0.016094302877744222,0.002253020717788272
430,0.010448253913462132,0.009080099382354448,0.015506640970646666,0.002339469367026963
431,0.011462213475285872,0.009010804225810912,0.01645046413278429,0.002341176049084092
432,0.008989357051666163,0.00923803896291475,0.015851714814494572,0.0022363470829967055
433,0.01722293741338573,0.009322554576154652,0.015420677814163177,0.002598875912583098
434,0.008231077418213134,0.009257469608558878,0.01657773344357686,0.002163617229884743
435,0.00822618704231702,0.009358942436238672,0.01673368143634693,0.00217324491752043
436,0.008200480963463923,0.00970069615412807,0.016553147548731148,0.002206465495760792
437,0.008436329217688908,0.009286783880859923,0.017655383930516386,0.002133387767042757
438,0.01092097990713127,0.009015836621496161,0.016582736189277192,0.0023665857699285697
439,0.009084111864300928,0.00923878538921713,0.01641788809462052,0.002307635363378
440,0.011619929674644848,0.009171583238872388,0.015429591692940866,0.0023466269675917863
441,0.01085670927034229,0.009093968490094102,0.01650441901302043,0.0023497616254323193
442,0.00799024079333058,0.00927965278443842,0.016359476899246134,0.002110383933761251
443,0.018112428010916753,0.009255512536690897,0.016270544654001323,0.0025129437344656386
444,0.008197576532151784,0.009187977220201949,0.016191508988169352,0.0022811685337900886
445,0.008318891851417346,0.0093019041997131,0.01575212464051694,0.0022069805246812844
446,0.00827362909075058,0.009863330871408477,0.016583711022998125,0.002186180864703917
447,0.008125087521148745,0.00952172814333459,0.01681521961097868,0.0021468183992395143
448,0.009195866120171585,0.00902669552523895,0.016182181410878675,0.002164710554868783
449,0.00965878399228567,0.009353227358878752,0.016436293585716254,0.002394051306911794
450,0.012703178937326517,0.009131574706698826,0.016670873318242282,0.0023558023077793378
451,0.010062079166218004,0.009305773610945152,0.016294918222470443,0.002302837459318517
452,0.008423922923418016,0.009841868108680343,0.017712332102813255,0.00230426741865111
453,0.012655550507448595,0.009204890798955211,0.01602520475435768,0.0023644073712828445
454,0.007956735747940823,0.009252150056725568,0.016594062399371917,0.0021188625444668
455,0.04426656696999487,0.010542421149170294,0.016614710643924658,0.003150361380170573
456,0.00817115502456801,0.009606526192066558,0.016771490116238658,0.0022364790613893606
457,0.02374911787467817,0.009426468538382457,0.016042992970361523,0.002659570676271617
458,0.008178359814064558,0.009783032580032366,0.016774627317025288,0.002209374822104463
459,0.00806974215596785,0.009569125700783773,0.016072616470849656,0.002198531159484699
460,0.009398274354458495,0.009168342589179188,0.016682643399930128,0.002209161471564883
461,0.01180366894555401,0.00924962117090094,0.016312371055340537,0.002274656101647522
462,0.0364649665464492,0.010090332901729766,0.016106112463314462,0.003041603257222261
463,0.013580817724080043,0.00901615291226213,0.01666302903045142,0.0024297312600417174
464,0.009677431053875443,0.00889534954469008,0.016484101648619468,0.0023176452379006836
465,0.008168967582031202,0.009939178237513065,0.016905881176383496,0.002182909726099943
466,0.00789680365550796,0.009488171031228568,0.01742519408271325,0.002169027783226692
467,0.024196627587347825,0.009778906885481834,0.01666304318283313,0.002601401534660988
468,0.007916948833089672,0.009065128041614853,0.016358125721130136,0.0022348523993968583
469,0.008954936352530585,0.009159517595527964,0.016596647563322048,0.0022168661374587662
470,0.023625272809251998,0.009366329567049542,0.016411117887707223,0.002657920793480614
471,0.008263693447438797,0.009092544545043936,0.016139003281155882,0.0021671237691720394
472,0.00798014201313056,0.00953647984360684,0.016716677678956633,0.002185896685761948
473,0.00840507762410474,0.009703933083243698,0.016574813510927405,0.002194176118898342
474,0.008245348075949253,0.009543404895087662,0.01642991573339083,0.0022033061628133135
475,0.008115046909240512,0.009550110090284853,0.016485148148821273,0.0021948593267417296
476,0.008295283979406739,0.00947859742314818,0.01674120499119104,0.0022032214071451995
477,0.024237794527760197,0.009493751938754492,0.016362501788678416,0.00263447984963238
478,0.009585711287416353,0.009126562691119552,0.015732267774897116,0.0022258092155829374
479,0.02110945423594495,0.009400668434002002,0.016138155264237924,0.002615621355985957
480,0.008233735623361159,0.009546211782163107,0.016499878787545923,0.002157084362322789
481,0.0207819781228099,0.009081393203024535,0.015596514535471902,0.002420849857442884
482,0.008102129048615644,0.009501469408051494,0.016658493049204574,0.0022679777108422605
483,0.008072629975299258,0.009204995824883861,0.01671336131245283,0.0021758720654340025
484,0.007840540127634289,0.009220779791732001,0.01622105323850339,0.0021097553365974965
485,0.00798184902559209,0.009760249379339647,0.016846934564114263,0.002203044385720808
486,0.00817907360655512,0.00915720730644011,0.01654920037481372,0.0021644642286525262
487,0.008009051590300131,0.00956110315211033,0.016428142184514154,0.0022081757442080803
488,0.007967532852545707,0.009013079946657265,0.01634889697466338,0.0021972797933727632
489,0.008091520552654712,0.009169667224440622,0.016042239393727932,0.002166292354228114
490,0.022343161799445538,0.009519686313088714,0.01637291196955043,0.0025230090739559803
491,0.00805505524166621,0.009978140178727939,0.016866189824494213,0.002126009292748413
492,0.022261771516729877,0.009397823838339911,0.016901533321264366,0.0026681186251317868
493,0.009763515523892489,0.009368169786039951,0.016938972355151752,0.0022729561989197665
494,0.021635318784016522,0.00929343727309372,0.016037184770687336,0.002535474456746252
495,0.008092223642538258,0.009654666521413172,0.016851130242466317,0.002259241676113872
496,0.008351133719685436,0.009597474240378295,0.017041330438628627,0.002236235140858437
497,0.008503085902660891,0.009460117799245906,0.0160626760938796,0.0021818739503890227
498,0.008201769397502535,0.009535685446801136,0.016182457350013297,0.002155085084577052
499,0.00820677442885739,0.010037390025181434,0.01732633335090067,0.0022595805089720925
500,0.008177969923649334,0.00901201490285359,0.016824803634837432,0.002262158571245069
501,0.021308921317834306,0.009577097925268216,0.016947575745317488,0.0026705684818771743
502,0.009073890009455443,0.009044327157155006,0.0160948541762276,0.002190385330212005
503,0.008308236927326162,0.009606560022751134,0.01646650095542963,0.0021671586820718606
504,0.02268625221989521,0.009387533281940981,0.016625208635570828,0.00256392128678604
505,0.008324040646565391,0.009681846800705591,0.0173880028899663,0.0022032704019392317
506,0.008139841000958542,0.00946985908739868,0.016496644325314273,0.002285323994360761
507,0.010241768023573137,0.009405402213138354,0.016462627592279296,0.0022969430562147356
508,0.013395300607858866,0.009600427444069843,0.016093275219019036,0.0024790425038707605
509,0.025784432110957257,0.009755682653582771,0.01611254982213171,0.0028983367876504835
510,0.011786749949991977,0.009350739921590419,0.016105130807159668,0.002342397919754745
511,0.00917859930316355,0.009508518442451673,0.01662302700664567,0.0022839868125585825
512,0.008146129880023636,0.009561290382456563,0.016839990068746216,0.0022047178440004426
513,0.008551767747469026,0.009551747053541879,0.01637393157523575,0.0021772127098398496
514,0.022382183849259683,0.009477623537712152,0.01650647870415503,0.002667929024395474
515,0.008437603840303497,0.00962116067256909,0.017126840726921402,0.002216629196481249
516,0.008254074633346188,0.00943908026166221,0.016794746891296418,0.002224717994442223
517,0.03564055713815495,0.010424238995159615,0.017087643846360447,0.0030425028835337313
518,0.008147806497316749,0.00964062121739414,0.017063819496980364,0.0022107422176279685
519,0.012108763291521924,0.009298523637378302,0.016425789022570948,0.002314118328100024
520,0.05486542573013545,0.010990864072886653,0.017732855239552883,0.0034426565325836244
521,0.00822765073510346,0.009549513380834585,0.01651571909814608,0.0022578643928173213
522,0.011882864896829777,0.009074907354570595,0.016070062013969,0.002282695387969838
523,0.008315608703334164,0.009558976026694407,0.017367112405816114,0.0022981981820786902
524,0.009659938129305413,0.009275697918588878,0.01610667429882084,0.0022211629652511594
525,0.016091462678096073,0.009499594893917258,0.016703670045148052,0.002498047642460046
526,0.008253206971981421,0.00957147177907957,0.01681993252861891,0.002201615253426375
527,0.008121755694040122,0.009248651915932122,0.01645985723911175,0.0021503932845696244
528,0.009742969449341506,0.009047133157252071,0.015935462325923036,0.0022215534105749727
529,0.02372894347656009,0.009609674733697483,0.01642339684737129,0.002610365501740122
530,0.02343392102746039,0.009713307858699415,0.016123157428781648,0.003042926025283086
531,0.011644448462707433,0.009081413023454804,0.016179732010664784,0.002321672866782457
532,0.008283194163245024,0.009768667274287327,0.01742836025350335,0.002260833425627111
533,0.008388974141305065,0.009133251475134828,0.0169601562096294,0.0021925513557786193
534,0.008566993586823394,0.009327843495325401,0.016083060424718916,0.002160179997499587
535,0.023073269074875374,0.009251382411971584,0.016354251460922058,0.0025112765683714504
536,0.022077655267358352,0.00944470119262997,0.016539013253625317,0.002702394720854124
537,0.009390890641073166,0.009194873029565023,0.016820394990553877,0.0022182387627761846
538,0.008265209370846655,0.009642610512599063,0.017637450489065776,0.002237703265538619
539,0.00808166528380678,0.009294843259215185,0.0161516620300904,0.002180768325892062
540,0.007935291789151463,0.009671588099501392,0.01636112552047657,0.002170085998879972
541,0.008178042864438725,0.00914675798432937,0.01662974003688699,0.002207594124155782
542,0.00835313788493658,0.009366171698569722,0.0161871891194283,0.002281481080599855
543,0.021115748824015,0.009272924144307634,0.016112317475655617,0.0024669905548927624
544,0.2579899248195326,0.019756867275836344,0.01986673255614644,0.007453253538307142
545,0.021048398860571877,0.009599208983139266,0.01654093087733817,0.0026400658728318966
546,0.009457007247872615,0.009071611009391519,0.0163451451891354,0.002196638300983791
547,0.02293935069039949,0.009075947906672922,0.015975085790740064,0.002493586578438146
548,0.008354105810487879,0.009968844548132742,0.016952925999296653,0.002190732193278388
549,0.00810184298015372,0.009588548017817463,0.01607277775483424,0.0022538219423924363
550,0.008423810907862754,0.008889575486480446,0.01636897121982722,0.002203471531598969
551,0.008092755262009588,0.009166976620987567,0.01614860462668081,0.002235050293958588
552,0.008422759292329787,0.008907303163441568,0.016203914403868445,0.002261308074639645
553,0.008003164049345,0.009460583608007257,0.01594268989869774,0.002184993988765392
554,0.008178575540450797,0.009507574315755503,0.0163876456745858,0.0022747531324229485
555,0.008222312400149315,0.009456206667365031,0.01698641627408311,0.0022257316595446735
556,0.008176648052846904,0.00940595401510863,0.016817650509801357,0.0022383803317538743
557,0.008082908148565427,0.009736550508616519,0.017253011989685145,0.0022575336820242356
558,0.0251839198541802,0.009667351075036159,0.015852578205915287,0.0024936303649506853
559,0.009717915318383896,0.00924632925430194,0.016716420018889858,0.002322792631592624
560,0.020356635619360807,0.0096505817862227,0.016162837309249563,0.002612858895965493
561,0.12440958471329928,0.017275844097014017,0.019856029099328484,0.005976102565419375
562,0.02081500865964159,0.009944493907244004,0.016716583461660627,0.002466112546662777
563,0.008384749062496196,0.00945349184363208,0.016637464360477194,0.002190303860776641
564,0.008082743448812126,0.009326099010584836,0.01686170229397996,0.00227237268918314
565,0.008268902298845582,0.009197576858009641,0.01592333328144834,0.0021744847121243265
566,0.008237654701491025,0.009424750836736677,0.01715817949299043,0.0021632962032950035
567,0.00810340371320668,0.009817936879855244,0.01705641664957719,0.002211602289295038
568,0.010192582477124793,0.009219484657532737,0.01686901260784563,0.002220957416123324
569,0.02137095336895991,0.009533070414655825,0.016675630625643124,0.002651761938619627
570,0.022712087685727078,0.009077542090281835,0.01597938913901814,0.002566866373818085
571,0.008457851984667943,0.00943975743826023,0.016893499192504918,0.0022653912796470254
572,0.008138125593942575,0.009344891986576087,0.017172111969811263,0.0022578979350614155
573,0.008052093419094939,0.009633580963033055,0.01702016545123399,0.002188970749782761
574,0.01279047366501441,0.009414606455672951,0.0164056708238773,0.0023883426962788825
575,0.030951707812857922,0.010106439260180967,0.016390005613126923,0.003219113874731886
576,0.022582788493429908,0.00951482090421932,0.01654534879054216,0.0026122589399947705
577,0.00775976456493839,0.008866874368352087,0.01616873178761452,0.002172824691964302
578,0.008349722408618929,0.009615388312167378,0.01676307683872598,0.0021878300985337866
579,0.008633895870717112,0.009677773621833124,0.017887373284935455,0.0022259395917859125
580,0.01561418157937048,0.009157445188706922,0.015726116009895815,0.002518551768462841
581,0.009882570453918518,0.009000986686736392,0.015985803401028273,0.002261245725261203
582,0.013519859570310284,0.0093597057770783,0.016349059184219306,0.0023201017712258178
583,0.008122805254828388,0.009770381981324563,0.01757840720069928,0.0022243500860202963
584,0.056421726436424756,0.01058368119755382,0.016831402726874313,0.003639709341434659
585,0.008214594671999044,0.009440562511842034,0.016239169419092425,0.0022259802584999825
586,0.009858931216465217,0.00943118552744205,0.01665774593316965,0.0023108766563258833
587,0.016666727254595476,0.009290079644724995,0.015603198345904373,0.002543468916418115
588,0.008151167239839866,0.009261470757211069,0.016480996947267457,0.0022624403438513572
589,0.00975145827469221,0.009145126633523428,0.015875789275457765,0.0021710078022750723
590,0.021698620267797515,0.009196125684356977,0.017039616624378445,0.0027600555861743174
591,0.008143664741869991,0.010024066232268473,0.016239942817430034,0.00223503365332999
592,0.008210813385062469,0.009738491189596105,0.01619605975302383,0.00222370753818475
593,0.008114195650160418,0.009760667842773076,0.017311007660565654,0.002226500080982022
594,0.008206166075952488,0.009457171437232178,0.015818577245169062,0.002233405634584137
595,0.009795166948012246,0.009396358663539495,0.01644049590357391,0.002246662762101066
596,0.01402056060770784,0.009503464548856852,0.01659336206782663,0.002503307293767537
597,0.03240403880909276,0.01004334696769044,0.016807065975789896,0.003051517074401826
598,0.011572830136183744,0.009081395240561422,0.0161712290655425,0.00231729202551226
599,0.00828059677633383,0.009458076623929078,0.01619326487447744,0.002205445443597215
600,0.008068419060529197,0.009318134133135838,0.016874078610179737,0.002210223812108444
601,0.008405724019032916,0.009315811936780806,0.016738340000101416,0.002220474772665738
602,0.008709825062668802,0.009804735311264731,0.01731418964620743,0.0022260570713261473
603,0.007993281510063314,0.009520691998831283,0.01607038352078178,0.0021698688843980987
604,0.021584063556854747,0.009499574712886292,0.01657641406789622,0.0025664271584384746
605,0.008216988122765324,0.009287232559083376,0.01618440526382958,0.002183559696496475
606,0.007986799759224221,0.009390465384831737,0.01631802705964782,0.002209542485487956
607,0.009448972058466377,0.009258994779610178,0.015728781663151645,0.0022720674476906636
608,0.023243706737868887,0.00969990228295222,0.01660453172879236,0.0025982985661355132
609,0.012393662503978097,0.009049317914463999,0.015393084822121265,0.0024219731259375625
610,0.00804992652825382,0.00929150975749067,0.015935521084838512,0.0021905765338963283
611,0.00833135685591032,0.009228638721343599,0.015917844882771648,0.002184481833438011
612,0.01858786720297522,0.01001479043920846,0.016585990698468063,0.0024868648119766136
613,0.014790573930149103,0.00914240005241996,0.015523737214161773,0.002666599996507111
614,0.16066309787536076,0.014851016359031861,0.020211083326777513,0.00845772109889529
615,0.008209282525950986,0.009642837732737074,0.01632782485592215,0.002195414412322632
616,0.008157868466870636,0.009055996885619172,0.01584810484409354,0.0021693711840028787
617,0.020063118437183988,0.009757762042223481,0.016689757655354402,0.0023777259522587257
618,0.008386077666145218,0.00956482814206487,0.016485754154502104,0.002127807759262228
619,0.008510428162179442,0.00986528316336406,0.016471507534552343,0.0022593836556682985
620,0.023023525888689927,0.009256079418614508,0.015665566668743545,0.0025170424686876075
621,0.008341302330476575,0.009391898765187534,0.016312433464769377,0.002218256533645032
622,0.008432480325422913,0.009479271969053887,0.01642562777379861,0.0022327998425604326
623,0.01483828667343741,0.009247530722095984,0.015848056966897586,0.0024678182078780564
624,0.27610146967847043,0.016053294631042787,0.020501101169227334,0.005760653675715469
625,0.018756734510017522,0.009572704073904073,0.016036152206992824,0.0024682889774569764
626,0.008255158267145095,0.009011272938680173,0.016380749574410165,0.0022154790276932663
627,0.00836521696136606,0.009084862212692132,0.015929255458231914,0.002238350949435007
628,0.013973141257149359,0.009385895232485349,0.01594903805890481,0.0024478917630815647
629,0.025184027224228783,0.009721196303166854,0.01646886892249862,0.0026052898393923744
630,0.009661282322539395,0.009303109969030875,0.0162896156049643,0.0022446838654462584
631,0.008133707095374575,0.009036227248648464,0.01652938406876741,0.0022100394802746512
632,0.008226123013503232,0.009345715679216021,0.01640847565685033,0.0022030383977384247
633,0.021577470643403523,0.009416696239604271,0.01593770088654862,0.002658913335674384
634,0.00813602599333517,0.009085142644911903,0.016337153860768578,0.0021498775556423643
635,0.008026265397730648,0.009514139509177462,0.016496653154623727,0.0022304472445172385
636,0.008151860473676411,0.009807582285060932,0.01655564135921007,0.002162098441211045
637,0.00834841464295538,0.009931069693225728,0.016417374341676817,0.0021700167314600742
638,0.008276314459266267,0.009380349422598758,0.01586835501193592,0.0022878891327518984
639,0.011941484331695793,0.008696863904553574,0.015806598005325738,0.0023157693332245214
640,0.02896431009923972,0.009785065238648652,0.016493598867745398,0.0029855864693537435
641,0.0132568286574984,0.009013503194626904,0.01598216603234602,0.0024564300754555133
642,0.009762873118518062,0.00928253366725489,0.016359527956795163,0.0022508932061920763
643,0.008518528174036512,0.010000289732371614,0.016394739732741515,0.0022171867638106097
644,0.008251073525140255,0.009720426304195515,0.017022796442921415,0.002217435112052444
645,0.008447403602211415,0.009387566974781287,0.017064847727619438,0.0022359983572075802
646,0.008192786709929192,0.009847686108238909,0.016855209826015398,0.0022158310117199953
647,0.022190244496249442,0.009741244654449284,0.01654684387198905,0.002591367246980229
648,0.00965272296080623,0.00896153616414655,0.016557654346519474,0.0022825120143831995
649,0.008032670800545302,0.009415495716719433,0.015693397204631584,0.002230823849713069
650,0.016741884092479342,0.009333189852594431,0.016395744009649306,0.002527988122287968
651,0.0096726593695792,0.009327295762141162,0.01666096042757203,0.0022580256537030777
652,0.015237967476586265,0.009335516529587938,0.016112511288065054,0.0024370276646380447
653,0.009764750784994995,0.009120084674309744,0.016107874417564803,0.0022281480679166204
654,0.017029259705157083,0.009338955198656886,0.015981091889655838,0.002370475030125588
655,0.008085589549976301,0.009402735401073486,0.016722198164304015,0.0022155766070721577
656,0.07708407606395672,0.011144561554216798,0.017062796480159827,0.003956079436211909
657,0.008329099965905591,0.009761669017682911,0.01629452935449232,0.0021437877824441306
658,0.007999297883903475,0.009510606252209432,0.016466709263334024,0.0022042793383384336
659,0.008454193542549301,0.009236884042943011,0.01634204869467344,0.0021866192473732017
660,0.008339178162834283,0.009717983211157827,0.016339367246682418,0.0021878874152922905
661,0.00846181129346339,0.009866181188011969,0.017476727832821552,0.002211416379222048
662,0.008428103500299971,0.009773435752976477,0.016426702146134727,0.0022575695638010346
663,0.014500430131257933,0.009003732619913916,0.01616348843338116,0.002447527478011168
664,0.010605478181300981,0.009080558200016041,0.016330626095112176,0.0023758061061310357
665,0.008235216352575996,0.009813175566263363,0.016167142559098846,0.0021748175991943347
666,0.008342082470290665,0.009294028733747947,0.016509316979851134,0.0022082140067518413
667,0.008026252034785684,0.00940804272413105,0.015828798294680913,0.0022333967373885594
668,0.008350078418645242,0.009386467552225605,0.016657355482785983,0.00218457239199338
669,0.008159998817996306,0.009475570532449726,0.01670268836467715,0.0022218427891646424
670,0.008253909294071611,0.009066450016217725,0.016677083504045908,0.0022395570310702268
671,0.008518925699537072,0.009619254529271162,0.01571446489811596,0.0022707757211956592
672,0.017418788104894098,0.009232804625336365,0.015648586895735037,0.0024640882240944454
673,0.021736063001023657,0.009867865251799926,0.016421837587945597,0.002552049317527451
674,0.008415922476488834,0.00899425263410809,0.01671803177632529,0.0022103989043942758
675,0.00834972098079437,0.00923309168012461,0.017064690708746375,0.002185519396265201
676,0.008049022358269372,0.009379456884906635,0.016894767756918963,0.0021635793415098565
677,0.009904343553239287,0.009124225679077443,0.016533889644110886,0.0023131049735511566
678,0.019075454347138823,0.009833025242738706,0.015918618505272607,0.0025888423309212245
679,0.1172356965431126,0.014980651576413241,0.020495234880206926,0.005858840738876204
680,0.013832865994037585,0.009551661363407873,0.016017607365128604,0.002670858560631998
681,0.018585010990815377,0.009366115292995403,0.016757122433733118,0.0024905264620165113
682,0.008047728521203598,0.009442987843328006,0.01661199453558259,0.0021526648001754948
683,0.008312414792981008,0.00936286949632099,0.016131539912064355,0.0022317311771167334
684,0.008214355043977564,0.009340769751041025,0.01659167333665473,0.002283966813225735
685,0.008263653062982624,0.009118384902363354,0.016188885053277105,0.0021727611419504788
686,0.019325565514470518,0.009716721774620511,0.016587476004609712,0.002501962635110139
687,0.08544933897818836,0.012404260151908604,0.018224133834230605,0.006127038882263103
688,0.014902176753533452,0.009444529034061674,0.016089677295989376,0.002660137867487926
689,0.01829674270511293,0.00942566031326123,0.016641821692720257,0.0025151795760682384
690,0.00968502156974933,0.009495789101923221,0.016905970267991757,0.002311092596294478
691,0.008327309179473621,0.009386839356586671,0.017437167564255986,0.002194163780396666
692,0.008021848354443112,0.009348695049750803,0.016913163092897268,0.0021710046696183016
693,0.0078042611811292295,0.009051894159451804,0.01579646686702753,0.0021976178357421793
694,0.02297775635678645,0.010117871226136249,0.017231567286703914,0.0025861633556278464
695,0.016998549585819783,0.009906177780845085,0.016209174824594122,0.0025679668575498346
696,0.008600002059769721,0.009029717641370744,0.016535763755650166,0.00225647702273391
697,0.008047622386843024,0.009299011081603744,0.01638988167598906,0.002237046419183124
698,0.008230549199939458,0.009821958855860824,0.01688427804000288,0.002221907835135303
699,0.008199111771918476,0.009677639702030488,0.017497802478605586,0.002145142782143271
700,0.008213861439340542,0.009151349261116321,0.016355826171937066,0.0022072681399417588
701,0.007922654963380495,0.009300194468552587,0.017277017329605418,0.002179995048857823
702,0.008201941023653452,0.009290029137352399,0.016485582239157824,0.0021943805611573204
703,0.010653057280797745,0.009209966940201257,0.01600100916425435,0.002242537008220771
704,0.01438793719406285,0.00931816340808032,0.01607041573322255,0.0024853924703175405
705,0.008262462967769337,0.009351236609834902,0.016841569261505096,0.0022105873862053468
706,0.008251475963622149,0.009114303894106827,0.016747502808941404,0.0022398359921321394
707,0.007959149420432703,0.009575999069178623,0.01719706675216965,0.002188387405943445
708,0.007979212225944943,0.009158774477576051,0.015802508760236828,0.002301747694791549
709,0.008122583618817207,0.009158156595914055,0.016440242044577807,0.0022377269378853915
710,0.06782182698408529,0.010944806174762053,0.01724064411042113,0.003296549030497236
711,0.008130786760583049,0.009700135509799573,0.01662049170512986,0.0022239108581835997
712,0.016719314513672045,0.009424886297230047,0.016220303928354857,0.0024285652412905936
713,0.008323132099868418,0.010120955536893524,0.017379120811525824,0.002200481236658773
714,0.009649694936149453,0.009425154249037452,0.016596799478982387,0.002242964845552934
715,0.01563666884542244,0.009519605928138804,0.016670281159076386,0.002499902726173675
716,0.01834430793719087,0.00948317823927865,0.01672915433378571,0.002432935863644228
717,0.096324278319018,0.01242589865556407,0.019102125910627793,0.005398336734683186
718,0.016630020837631286,0.00921693107017272,0.016935574062569528,0.0025163434898550145
719,0.009985156580554098,0.009073551550211157,0.016318463422995075,0.002244615379518038
720,0.02099030561587227,0.00931066238889744,0.01614050500307325,0.0024732289504210804
721,0.008420329079052083,0.009847467723484691,0.017767797456856582,0.0022032261640346556
722,0.008341105725412442,0.009154602068965314,0.015804087934207317,0.00217016287253313
723,0.008222624317597984,0.009932361474383724,0.016445536204880512,0.002234265481100201
724,0.00841546326384027,0.009161036540756739,0.016454197562613668,0.0021855169988333383
725,0.008415327546409853,0.0097567208741818,0.016374387077590154,0.0022974667680516064
726,0.012769566337368358,0.009193312338852812,0.015721474074217933,0.0024068807579570844
727,0.021238175888736527,0.009391880302112127,0.016564399276172495,0.0026583601137017574
728,0.009468045965482747,0.008997043676001886,0.016142738569410252,0.002252779428424451
729,0.008290377588330209,0.009723885769638757,0.016871935750549048,0.002213625841984641
730,0.008075071460435988,0.009732315924490646,0.016546355236287398,0.0022751381936420177
731,0.008438803467589472,0.009322715374622852,0.01648034897126406,0.002242251667777087
732,0.008253535383734991,0.009172679335740978,0.01677777481892102,0.002256795564431562
733,0.008557418454330997,0.009466273250782533,0.017182050322762998,0.0022262554497456625
734,0.028636370124417082,0.009636609521931048,0.01568363059195605,0.00267426379806246
735,0.01127446165938171,0.00933074098821212,0.016605735663236355,0.002262198242964345
736,0.008276577089554274,0.009806778403642503,0.01708298718481314,0.0022351284321392084
737,0.008125606548366117,0.00947471329952677,0.015879971918519295,0.0021764993313466655
738,0.00807079027813133,0.009482600426385965,0.016547192051195377,0.002274241771985255
739,0.008112316335102138,0.009206468402753534,0.01670085531481013,0.002173921133134126
740,0.029521207784690275,0.00979734750956426,0.01643005019767397,0.003038934193846702
741,0.00825535290048393,0.009585566153880922,0.017224355482115726,0.0022425075575360507
742,0.012181403819176331,0.009321554245862253,0.01654903862551952,0.0022692804289349135
743,0.009835315413134548,0.009567776822383467,0.016892278297261108,0.002322809693231275
744,0.014632500190817178,0.009799488897012045,0.01648783625902559,0.002553877048495435
745,0.0081956450312222,0.009852407435045197,0.016826970646874218,0.00220660910350178
746,0.00807903291741892,0.0098190098123411,0.017102044982752508,0.002255003834606294
747,0.00938106770736405,0.009173841900785358,0.016975829521476932,0.0022723477626625686
748,0.02378960070934485,0.009567992742745949,0.017074196284416098,0.0026860432011430293
749,0.022572880714008984,0.009430687354468992,0.016282287198944645,0.002626833453596061
750,0.008862571051993149,0.00912161939824866,0.015977338795701557,0.0022642373714539927
751,0.007972991004025032,0.00955185672956491,0.016606711553995106,0.00216863293709702
752,0.008264790479569064,0.009665030460041454,0.017628717381858894,0.0022225612741568488
753,0.015464698563899192,0.009178027714435221,0.016022769266406306,0.00243955905475124
754,0.00972688118422601,0.009147335945015583,0.016291328799961806,0.0023216759252561803
755,0.00812230803248434,0.009268974518041661,0.017160365746160602,0.002132636251986438
756,0.011727587057134142,0.009505231732079112,0.016156575054594408,0.0023013790740009092
757,0.008032549529680988,0.009731187545719775,0.016419167862618884,0.0022122263695687925
758,0.03204655245037466,0.009882561252710708,0.016760431948738073,0.003035686046281797
759,0.008316243019736783,0.009519420030657179,0.01660468923690036,0.002266981473568623
760,0.00842509554493161,0.009395973507396559,0.016586988342121925,0.0022234460597490143
761,0.008500862496276653,0.009634239355237106,0.016458588942305733,0.002193878756738546
762,0.011006064409027835,0.009398403933582593,0.016511783234585138,0.002348978084208161
763,0.01885450433025451,0.008874523646831192,0.015657443002147338,0.002475708776217042
764,0.00820090566600622,0.009856932757402695,0.016679169415730104,0.0021654448262265385
765,0.008313039841459532,0.00924296167363239,0.01653457700186485,0.002245350330717402
766,0.008242223512190368,0.00927812908904883,0.016762968204330667,0.0021433070118476085
767,0.008469415265765268,0.0095697213903725,0.016862812365510287,0.0022421492972047484
768,0.008063562713118227,0.00934901510490835,0.016581469675379965,0.002216919453448189
769,0.009730865243292594,0.00941057989007765,0.016310336046022233,0.002275581178186794
770,0.023071710881963803,0.009510058617141229,0.016479143299874696,0.002570485426243372
771,0.014981123290794327,0.009060038890019622,0.01621478442198697,0.0025125223403721915
772,0.007910020196929752,0.009386710318807865,0.01618403306249728,0.0022637120110455457
773,0.008255493242419441,0.0091301183249844,0.016271198789406124,0.002197311566513223
774,0.008353552934925148,0.009320692325906488,0.016300568495891878,0.002282994651518031
775,0.008200299250905157,0.009207953960744503,0.016409066318783336,0.0021881765576250963
776,0.00796257829046438,0.009515236329871262,0.01755565671022128,0.0022264665175057707
777,0.027726615269696442,0.009413161335465972,0.015270298910042904,0.0025476075957988524
778,0.009567213217987654,0.009064844460611069,0.016192302966005736,0.002226214935357726
779,0.018912490842926236,0.009536704583088841,0.016322194078910397,0.0025360330598412297
780,0.12362944808284117,0.01605800922812266,0.019764659462885893,0.005493141275627556
781,0.017785979713365634,0.009448768470463387,0.016097636295683886,0.0024595863859620173
782,0.02118589762384008,0.009390110360547835,0.01634641259017626,0.0028991158323655158
783,0.009878055705412711,0.009070772336195687,0.01590188320744118,0.0021462678510431373
784,0.019412470067633008,0.009398014969248395,0.016374260723559905,0.0025575778993202564
785,0.008217969616540557,0.009678612244440228,0.01650364626507582,0.0021919250161753787
786,0.018901835645639617,0.009186353847129269,0.015641615898515624,0.002489072228117692
787,0.008346310562843934,0.00930098855707341,0.016302248935452464,0.0022347537235429156
788,0.008174308143801174,0.009245673986804384,0.01617986992658605,0.0022187514330667514
789,0.008135299120082444,0.009237075276658737,0.016708010104077603,0.002199611626574254
790,0.008300922367830678,0.009231763934872256,0.016489250001953292,0.0022188389457778656
791,0.022961666079661804,0.010030071298512024,0.01613075730767033,0.0025713188968888847
792,0.008104049243832297,0.009185732720608724,0.016276927933902133,0.002200992430247674
793,0.009618777247540164,0.009231148359209835,0.015934107146055997,0.0022697162404816283
794,0.022528284447647994,0.009392277366445673,0.016750285282272494,0.0026057120413699544
795,0.008464052984957535,0.009712352157763643,0.016504629036312248,0.0022053814923548754
796,0.007838253955438974,0.00939424109168115,0.016503663707447415,0.0021956994725276426
797,0.008607858682061625,0.009822789867965781,0.017009702075303425,0.0022308879636282427
798,0.008215671234292132,0.009419100081935406,0.016296951525433347,0.0022497547584284733
799,0.008149713327811814,0.00927354628031844,0.016370427859242993,0.0022091862832399134
800,0.008087399474038711,0.00970955304666524,0.01637621057050513,0.0022316214827016213
801,0.011507726195819738,0.009352695971063162,0.016162565322110283,0.002325375447967829
802,0.016612069673892397,0.009132905973852185,0.015792454676950188,0.0024167283917044483
803,0.011815993364695748,0.008956460517751993,0.016556176019102104,0.0023835883703236167
804,0.009759046521241585,0.009405623137751853,0.015720004297861235,0.0023099982056661752
805,0.008212501124201339,0.00959369889579234,0.016482456846798374,0.0022369298432531317
806,0.008385223192369454,0.009367364359151456,0.016886006858145407,0.0022568733352448995
807,0.01143961276850702,0.009071345741447457,0.01651905507062672,0.002339517685572566
808,0.008390006849281621,0.009805920743128839,0.017063793720181655,0.00217606918862406
809,0.04258090083255792,0.010910038900869695,0.017540341333306023,0.003417470496258568
810,0.008470913927565807,0.009573409254207067,0.016540109660564014,0.0021526833373572635
811,0.008321610563169352,0.009581098501257757,0.01744929037254596,0.0022802328809834738
812,0.02277380538942402,0.010062776348266075,0.017437098918291847,0.0027071605246901647
813,0.008369918082324571,0.00964670150729944,0.01700013459621728,0.0021968827563094355
814,0.008093403832155253,0.009390776776049789,0.016607042270036124,0.0022115909109922186
815,0.009230114636963188,0.009191175235093049,0.01648115071565233,0.0022038713025118346
816,0.009798943108593793,0.009442113874796466,0.01657454115514908,0.0022634761184940943
817,0.008319316950058272,0.00943316112075647,0.015908941449833815,0.0022399083867617265
818,0.00836235618804531,0.009453754110351091,0.016151559397103034,0.0022025540942327395
819,0.02419225827488273,0.009770019004279505,0.016228863330388758,0.002599502215762686
820,0.008262701677966855,0.00950619860339508,0.016787253812733098,0.0021725085071291695
821,0.027745371422694703,0.009910182782817367,0.015777104699658047,0.002992105545559772
822,0.008049184534496634,0.00958796537731442,0.016421008712771783,0.0023159242379033954
823,0.011799122086212338,0.008941989934651503,0.01623041043547343,0.0022739638379517158
824,0.008196370188855861,0.009702788266557474,0.016897465185225877,0.0022370091253568637
825,0.008334424334642791,0.009669806273773875,0.017072421773003037,0.002150485385398755
826,0.008280558984227561,0.009727261556699495,0.01665630516312628,0.002202372153555914
827,0.009987853654121576,0.009080251959707984,0.016577433085480223,0.002237546367678169
828,0.010826511500784756,0.009082933419589767,0.016371068776233615,0.0023790645943296282
829,0.014011988182454109,0.009341774738374758,0.01681195707845077,0.0024037061520051457
830,0.010951308954783261,0.009154777460407404,0.01554110942141965,0.002286434533442068
831,0.008617417595075939,0.00936493673466372,0.01624686758742543,0.0022309220339851547
832,0.008278398535801205,0.00972711661148377,0.01630598741569626,0.0021822833567730245
833,0.008224467548141143,0.00947934819468495,0.016006187121659382,0.0022026891166078777
834,0.00810865400821271,0.009115615668343405,0.016574930797512287,0.002263493506272537
835,0.008259326072807806,0.009361146585623991,0.0170100467484439,0.0022123314990053944
836,0.008614604959095155,0.009629983030413,0.01628955213836974,0.0022290761431479423
837,0.02219715034305409,0.0097507280796078,0.01623032542454736,0.002680930564621789
838,0.009361260047307744,0.00928427821852174,0.016013075871157103,0.0021984983632806687
839,0.008328958231626568,0.00927510558915266,0.01604215291173469,0.002246695117591768
840,0.0215490686404161,0.009793876864163983,0.016420094456780596,0.0025890457419835543
841,0.008140967327801382,0.009436251376851414,0.016100383861901303,0.0021746674000148545
842,0.008293468587263712,0.008951102670339483,0.01659746269119072,0.00221235967629949
843,0.008179449442721351,0.009142681758535356,0.016697477879044676,0.00228578225148841
844,0.008253987074754604,0.009770660107696557,0.01626797311325706,0.0022301546495698205
845,0.01871548341090125,0.008869813427226647,0.015781234241342153,0.002559217075232106
846,0.008249775433358248,0.009713536801131462,0.016648434794899743,0.00213769214866115
847,0.018934481027973297,0.009358826189626428,0.016416976680912687,0.0025003304811751694
848,0.009359948086859788,0.009188860577036974,0.016411978596091902,0.0022893965938225553
849,0.020343784027202903,0.009595564203439853,0.01638287494837222,0.002978224616859584
850,0.009426916465393306,0.009356319236169528,0.016244471515564966,0.0022691263024236684
851,0.017116582722805113,0.009227315537632178,0.016350096731401725,0.0025383404946167773
852,0.03190276165849916,0.009760546507349185,0.016493454334022467,0.0027780371857792532
853,0.1225901427955914,0.012895314326458244,0.018367147065470275,0.005094029607272371
854,0.01756883658413659,0.009184194345037717,0.016999172950615503,0.0023956388821474257
855,0.008070207398953998,0.009313523861006858,0.016390398052589194,0.002218928713820731
856,0.008216536697385665,0.009042079374226382,0.016778443839094204,0.002204954796009644
857,0.008180241629801667,0.009413278837626087,0.016758454264776367,0.0021672664104900353
858,0.008224347215254457,0.009288921027159159,0.01620582988357439,0.002191108594355659
859,0.117151248641198,0.01545394674426532,0.019546582299953597,0.005990231093514235
860,0.01482128923377864,0.008960623080251143,0.015436412431119869,0.0026276015279859573
861,0.020598959820202226,0.009941173388227703,0.01636923814568133,0.0024904891537834363
862,0.008087309238477749,0.008942234811585875,0.015290324130171968,0.00215943938236384
863,0.008378219318031297,0.009568303951702732,0.0168479008254108,0.002180533753363063
864,0.008180583204059007,0.00923008176579284,0.017043229122366253,0.002145975591481986
865,0.01242765502083049,0.008860053570872916,0.016383668082394047,0.0023721039725595953
866,0.010205575059873984,0.009161425973228374,0.01592270582979196,0.002231311619751134
867,0.008615012769270257,0.00933103045329318,0.016567194194042057,0.0022994590428320368
868,0.008261890382269406,0.009430611319556385,0.016677092023389045,0.0023131699390007065
869,0.007901586050520118,0.00947262163695593,0.0166960066265948,0.0021940755688490124
870,0.008350863217469967,0.009520728213910042,0.01687019286148775,0.0021433512680824477
871,0.008058836203587412,0.010035394441389055,0.016698243580559633,0.002155337549278776
872,0.015478927301033518,0.009110908156690202,0.016317033315340332,0.0024732022815139535
873,0.009865161074678478,0.00922059457957447,0.01622874061361168,0.0022424022695748964
874,0.008356498180525133,0.00984885699009577,0.016865853057835466,0.002252528133161273
875,0.011742287529210079,0.00932093663197054,0.016127293143189475,0.0023477705428916673
876,0.008199056530335161,0.009759823712450313,0.0168908978779365,0.0021856423776996487
877,0.041502168144365546,0.010439888160457385,0.01658704371814288,0.0036540208226701672
878,0.008387117223536956,0.00952915420435383,0.01673661309561654,0.00232283740663077
879,0.008192883792112403,0.009269376966919991,0.016868300543375757,0.0021532863596547373
880,0.008334215733893792,0.009360062196528612,0.016375801540390738,0.002230407259966395
881,0.008231540349206567,0.009810164584264092,0.016607817815767034,0.002274326240644461
882,0.008264966436021677,0.00987425081418234,0.016904392428036607,0.0022051531430702324
883,0.008316581995749254,0.00994144229749197,0.017057202095579697,0.0022313275903077397
884,0.008157168649787638,0.010049923515797426,0.016979204808103172,0.002290332406895407
885,0.008130668422870727,0.00976725978611613,0.016875359367825915,0.002215334374701138
886,0.00820566519804288,0.009476943624578238,0.016210748360936642,0.0022824705527662056
887,0.008064828209680991,0.009260195160843558,0.015989181404656327,0.0021608916577466417
888,0.0080389493958106,0.009578926924250391,0.017170940747457567,0.0022394801621405517
889,0.03286975545343243,0.009881517520201132,0.01650282343467155,0.002956945240744155
890,0.008056373275337515,0.009665045134710452,0.016981836831265883,0.0021491265603462255
891,0.012002737387405173,0.009195068051114261,0.016052267874360815,0.0022396416946041595
892,0.009872422838696653,0.009405049518862235,0.01658404495376454,0.002229109842770528
893,0.01487212543547517,0.009516583234338374,0.01628025884416045,0.002477641057450291
894,0.007890210393029496,0.009082615074888554,0.01613150787265222,0.002066150161418271
895,0.00814037222149593,0.009839305128874822,0.016685536293558068,0.0022164372632063715
896,0.008253416151941733,0.009645267558047805,0.01665991850039261,0.00216320368135319
897,0.008431080893901478,0.009349182021666718,0.016041043928612053,0.002238009629590056
898,0.008139544882596099,0.009429056052935657,0.01660967909483731,0.002224823669225352
899,0.010558844769908865,0.009042351115963465,0.016608978071956108,0.0022662662336369495
900,0.012570312427262498,0.009750499162376804,0.016333939640908207,0.0024005311554991344
901,0.008068483924617488,0.009694678821757029,0.01663874987082233,0.0022312462648601443
902,0.008444077119106889,0.009584259835530556,0.016145329162665506,0.0022115335268849306
903,0.008276479062102274,0.009398421817284485,0.01622992093727324,0.0022695678681901865
904,0.0227397787225264,0.009511081079460979,0.016300436450806675,0.002508459112633241
905,0.005733324433966241,0.0045057830061656715,0.008224050360058492,0.0011520340896535091
906,0.018221438912115608,0.009348537502271638,0.01618158343706743,0.002820078296392182
907,0.007867433649806908,0.009042711447195883,0.01588434101648162,0.002169415357816931
908,0.00811190584311853,0.009394606257690497,0.016115174744713214,0.00218224111752369
909,0.00821713527460494,0.009195195273076141,0.016271144695190504,0.002224098127402494
910,0.00816296597693868,0.008945311382621906,0.016089356084648683,0.0021894532415087454
911,0.017716207683091886,0.009958835162296228,0.016650545176883882,0.0024253258650982074
912,0.025551573735916964,0.009265749002996024,0.016086331782325533,0.0025293319201879104
913,0.11641195171356311,0.014269093211289503,0.019939488010873162,0.005792905338241664
914,0.016859760992656868,0.009175932063732324,0.016477315166975738,0.0025009476514691728
915,0.009657596536271157,0.009219135656609263,0.016673645583030937,0.0023054903485942224
916,0.01738693765628764,0.009677936904549864,0.01663237910092056,0.0024081813899251084
917,0.07546124628754478,0.01220963633719321,0.018594283044526226,0.0038807011855090325
918,0.046015460008667415,0.010011714022765067,0.016422996628809132,0.0032333697987569658
919,0.008276963937781039,0.009459045752249241,0.016549027903143543,0.002260453961456705
920,0.008119521399212029,0.00966371050125844,0.016420364934603568,0.002201506632114789
921,0.017982606777871987,0.009098875051947349,0.01535124248771906,0.0024974944347009092
922,0.008286894798591096,0.009772578915940576,0.01682389855901025,0.002289495639578667
923,0.02172582319216674,0.00914921659305469,0.01673116356039294,0.0026715398455801117
924,0.00836545678817751,0.009562883129199558,0.016874732503505997,0.002163215865669919
925,0.008368431144491411,0.0096444426424576,0.016614555984949472,0.002216108986782251
926,0.010413639737293284,0.009539824282701833,0.01659225066940167,0.0023319147157001086
927,0.021961565363262107,0.009435934416390093,0.016601898379975957,0.002522646746774965
928,0.01630485194610179,0.009227959524764516,0.015542327462871944,0.002572590392096185
929,0.008327198136990352,0.009200646046721167,0.016274321438357244,0.002213852892659132
930,0.008326396618853607,0.009622797880568,0.017346556938726013,0.002232848379214138
931,0.01000858892730723,0.00948408301342464,0.01619988411022917,0.0023254331169409435
932,0.012741560996740797,0.009225237755056044,0.015855999740934643,0.0024015553679832937
933,0.020644210677026282,0.009371604689982431,0.01581920051930827,0.002724814490863505
934,0.011599305418680587,0.009039325956744506,0.016306214518341522,0.0023701097259241945
935,0.008213837293291771,0.009304103106782681,0.016544610786565595,0.0021829028603812927
936,0.008189346535491923,0.009787412863431471,0.015970667519267706,0.0022155777995379045
937,0.008150187634435514,0.009628797480635064,0.016800061294710983,0.0022597377061133214
938,0.008398806805252625,0.009665750312828413,0.018023191987515525,0.0022017355807299266
939,0.008137845868025498,0.009312574690128621,0.016262133049457915,0.002247538645223184
940,0.0096191097383716,0.00915247043089652,0.01608095183310338,0.002278946183118069
941,0.015308318642945285,0.009446221694265965,0.01604133154173666,0.0025389828809669075
942,0.00817822793967746,0.009082556507002088,0.01610566175762867,0.002194409949332331
943,0.009158619764158545,0.009154805124818444,0.016772085884211814,0.002184546032028535
944,0.023104921944796793,0.009692713348445504,0.016868041760733674,0.0026157893138983946
945,0.0081298973863429,0.009553642292634869,0.01699596521057154,0.0021338010912961393
946,0.008002760877291631,0.009582296555731413,0.016853978117030113,0.002208556290092956
947,0.008114154358662556,0.00949212779014477,0.017180133402178714,0.0022222611028666437
948,0.008151031784585238,0.009749589597507054,0.016322336431878838,0.002246853499270122
949,0.008139605368542406,0.00934434907507994,0.017182700300992018,0.002162455593918064
950,0.00823212466223236,0.00955024517241521,0.01686539649543298,0.002193882859925992
951,0.008391761380699312,0.009559253592575699,0.017023775097918054,0.002238257170552312
952,0.008417008863173297,0.010088979238749313,0.016918040221818503,0.002272680776178782
953,0.020903689922747354,0.009552008950453546,0.016881955608711856,0.0025568385143301064
954,0.009332999767152126,0.009085599940804986,0.016506121908130902,0.0022415368633516295
955,0.008097873922418472,0.00905223946764523,0.016121959784713126,0.0022108526180098817
956,0.016023771138142386,0.009337396058144974,0.015984947650868102,0.0024935814115489337
957,0.009756688373876008,0.00911915885921262,0.01631175446994245,0.002265176975525608
958,0.008234562003782704,0.009592487875854995,0.016590436694954365,0.002233557630245762
959,0.008224027287442075,0.009964588309111455,0.0166047298789705,0.002304464019790048
960,0.008419811415379754,0.009424319436181992,0.016922102441072458,0.002195483334326314
961,0.008092159887150528,0.009139274278704923,0.016025248957975784,0.002198212051992706
962,0.008330926911038806,0.008902455491832405,0.015748338336757685,0.002226705706641011
963,0.011324489882789633,0.009022194153413772,0.0161251473753965,0.0022939163002926883
964,0.0178194734043952,0.00971780881871263,0.016162266790784578,0.0025538738870821854
965,0.011727837510188317,0.009159115812111929,0.015956075739010304,0.0025147059955500763
966,0.010207951870042167,0.009552470545570263,0.016387779889127124,0.0022280160881722744
967,0.00821070418320314,0.009135738821893922,0.016369404966235346,0.00223344217105123
968,0.008716749779559961,0.009456254040285774,0.016398220782214347,0.0022365055758763186
969,0.018456331831466874,0.009229854187873482,0.01627266484376768,0.002705060122114321
970,0.005738262095247342,0.004505330147245851,0.008222986860306657,0.001152601941848947
971,0.02204499043506047,0.009730671880713465,0.016361749350595096,0.0024920991716420185
972,0.009151100323431824,0.009077678700516352,0.016416234033622218,0.002161188047681059
973,0.00820878141063932,0.009399247223801574,0.016865167255529966,0.002178775955219766
974,0.008251155004134968,0.009306032801031552,0.01649762856319728,0.0022731742858334006
975,0.022392308353456708,0.00931866939835428,0.01644225394663877,0.0026386147044492334
976,0.008457908410814858,0.009291179683935887,0.01690010706036877,0.002207581121019756
977,0.01943751051765416,0.009468193126462,0.015922302332597792,0.002603130219249523
978,0.008146425016796334,0.00955051069570699,0.01671787735723495,0.0022171826784775223
979,0.008187241738047128,0.009769972812655337,0.01640164764319485,0.0021967184173707355
980,0.07078116574561981,0.011207431576542061,0.018195158160347003,0.003756548718683964
981,0.02393784444773999,0.009817929486266506,0.016161357464094292,0.002808073680124687
982,0.01666198041414039,0.009348706449928837,0.01636739723317626,0.0024510957890964504
