bearing1,bearing2,bearing3,bearing4
0.01696982776944854,0.014565118863483058,0.011253573936946709,0.025860071112082748
0.01921374718761249,0.02117547115405367,0.009949713127872312,0.026069659401015827
0.021901278884683625,0.021635739481511464,0.01253311715207489,0.029187423727373936
0.01980012890545848,0.017325356848951663,0.009458455596300657,0.02763889882978364
0.019807441957764058,0.014934268855919447,0.010817491037682044,0.02378164526394234
0.024612544101874335,0.017854536000864063,0.009461331895996017,0.030468572114285473
0.01860418231532622,0.017377040016662664,0.008467651349652563,0.026834933308833638
0.02209175315908702,0.017675017095460405,0.01208735324995621,0.03107491801030534
0.018012609283649072,0.018916245897008854,0.008728240191388528,0.025765485484370312
0.020261438363338984,0.01697775790824297,0.008685038336645867,0.027182184670474247
0.020367672452940307,0.020340061233468643,0.011906936239533157,0.029088858053590835
0.0210146846991235,0.01502094716772125,0.010064106303677434,0.024225915504072
0.0222560663641918,0.025861700931890698,0.008167093113675208,0.02792486544566082
0.022481763178341087,0.022755170242145836,0.009597233287214846,0.030320763913472458
0.0189516203822993,0.016870196068843213,0.010617562261971527,0.02172670038365624
0.021272428405394422,0.01954807286554151,0.009161997447049066,0.026724049423496918
0.018312821855793148,0.02044917011844849,0.010237847801772983,0.026764204697625846
0.022516199208347198,0.023623861244458283,0.011010192196353257,0.029789770955609057
0.021283844912505803,0.021269732727932995,0.00981549194919369,0.024073548149724892
0.019093791925403485,0.01977002633471147,0.012085688291738672,0.028470544079320752
0.019989565541817123,0.020376559398775723,0.010157079491954785,0.030077554382875876
0.01763087851554145,0.016857923506013235,0.01027842850433388,0.02393821801077902
0.02119244272895936,0.018929517857579587,0.01061937973581877,0.02687492463619818
0.024381391152440382,0.025437530770953155,0.010288333629031088,0.0314186463835995
0.01953106019135358,0.01755355898827637,0.01031497221422898,0.020629898904358984
0.02252924321516172,0.023290273049772353,0.012765503709255947,0.031154444092350936
0.015575154301025372,0.012366531793335602,0.007832111932830281,0.02305308459717611
0.020066842559201204,0.021733301103676814,0.012051266355506664,0.02927815703225785
0.020489696523289566,0.023058968404554736,0.00880824787107869,0.028481680630218498
0.019161473890304585,0.015542259356866052,0.01001751027188748,0.026381302428297698
0.018986749252919873,0.01946477949858954,0.009989361539491991,0.024726863998469066
0.020485439856069564,0.017995123698892238,0.009535554517257603,0.02419061631498654
0.020791040997478954,0.024140885258716986,0.011345484985757107,0.02778270643313465
0.019641862317360006,0.015323188686759021,0.009204110689619356,0.02612096237574485
0.018224533532720195,0.017548449535920836,0.008883517856878628,0.024273453711450083
0.018030962668821073,0.026624070376194284,0.011922826078962912,0.031200127837643074
0.018504170471097703,0.02304960136495713,0.008821735584456755,0.028600231261128047
0.019848847600333508,0.015065660043084038,0.008785071818884344,0.02480095105038583
0.01889806752520124,0.014585812118325627,0.009468734652926546,0.02578972116113333
0.02390953333498514,0.022639778670284934,0.009479943732008575,0.030367802896438614
0.023313673322378,0.016326898436251663,0.009306001182116955,0.025807809549020545
0.021156614473702248,0.023019538555009718,0.00917860101331952,0.026327625493641732
0.021667914061135416,0.01704280312349903,0.010628353698842203,0.027058160743898232
0.019348003831473858,0.013926581418379741,0.00891949176633497,0.023091350542005597
0.01935025526416684,0.02205908668589575,0.01142766743921696,0.029665631063075126
0.018113036571433115,0.017475515831505785,0.009512287380048222,0.028189307800387482
0.020864161767526514,0.019192164547961587,0.008940223394875296,0.022802642220172906
0.018531141358784357,0.016632713080458307,0.011074340576581805,0.025090131419210904
0.019760778259291675,0.014639393354413752,0.009201598444028139,0.02891022727616013
0.01745923695558517,0.014682138400703348,0.009609442943766169,0.024751110788976842
0.01967980520110146,0.017894420066142693,0.009645306287999013,0.023819944630616256
0.02052572626703302,0.01838003044854669,0.009325622986120899,0.02906674153217883
0.02140882932213485,0.021880436797091077,0.009173327013165807,0.031073265548799807
0.017968790976174064,0.01925936049262692,0.011634554757152357,0.024745583928905447
0.018461062438298537,0.017094918185682106,0.010085196852787408,0.02394687037753032
0.02110701280655394,0.01718198672628607,0.009062131788288508,0.0254977540940509
0.020917932082881664,0.014572971395116709,0.010124302958068793,0.024637662300714153
0.020537274310408277,0.02267808521979592,0.01581855215258969,0.033792323787186426
0.019117738894331077,0.015232461728530263,0.010124128729670284,0.02800897228745307
0.024736523305735846,0.023741154891401748,0.00927158456352662,0.02490949894840759
0.020870804735402076,0.012833381397969669,0.008760413150208795,0.02193249327705956
0.018717984489767383,0.015226436703095104,0.00945018890577408,0.027726215499719084
0.021676809298258364,0.024215747998470573,0.008692035346852263,0.026862974100311444
0.023426539863806554,0.01920209751359087,0.011314998535915426,0.030143317448385193
0.021930542298044142,0.018479586944435245,0.00907537544600854,0.028115783648225673
0.024347847662512943,0.022120702372081552,0.010252960285931858,0.031147328420022626
0.019162070740462594,0.01933818225384065,0.008806156904675424,0.029898177753429653
0.022675909172864425,0.024063346841183178,0.01176693988181169,0.03143288307287413
0.02199882173698655,0.023983199585013184,0.01153772403179627,0.027857144743864762
0.02085174427333991,0.016278279399007608,0.009044020376686232,0.02766821483786891
0.02333108714496932,0.02786868572012379,0.010006683996157015,0.03015073003637759
0.018237989591844875,0.02380557429564814,0.010518367337705222,0.02988645552348663
0.02228964669073165,0.01584338289606702,0.007633286807405252,0.027479204880348163
0.0187285783295388,0.01577163026624144,0.013426711923604074,0.027068340131115913
0.01803816761487602,0.02284296746341512,0.010028351467559907,0.02852492529470994
0.0220772516520307,0.01910862918905303,0.0076026340357510085,0.028783937015884636
0.018141670160309556,0.01625988284430608,0.009638313199003204,0.026672681946449728
0.01924833903631725,0.01576553614602931,0.010410287982349227,0.02254797357529366
0.017976238467771688,0.019474812979209978,0.011463977253794907,0.02960347484520636
0.02286745494417879,0.02658785026553186,0.009469792038749043,0.0314110416432979
0.01969160069772128,0.016559265766297956,0.007774078401223452,0.024937554526832655
0.017145008136846166,0.015907184278158053,0.010956976946389595,0.028475556256160203
0.019148847565964546,0.024001069226709117,0.010300162530306977,0.029081351619149706
0.019256438208791523,0.015064214652821083,0.008219922937714917,0.027098501161556383
0.01984712774090272,0.01705268081481033,0.010365286198576611,0.026513405497028388
0.020213228348543378,0.018215561358675473,0.011966137604870978,0.025904194841253253
0.019397914956019256,0.016542175671234362,0.011328772640373928,0.02715303837665725
0.020129080591513894,0.01814844068019013,0.012419802057934198,0.02181248567322295
0.02191780895341588,0.017209587014978173,0.009475526574846758,0.028168205904462063
0.018755661701260543,0.019962793443935724,0.009484667814525456,0.026720246596284313
0.019478480939336774,0.01607617049673837,0.00925632391446311,0.025189853504941247
0.023441051940907114,0.018191542751685226,0.011564172402401249,0.03110979356074288
0.018689169528523144,0.016421868700137066,0.01055337950370246,0.025400909668166882
0.01940215980614647,0.014446573666849538,0.0105982971934346,0.024990240795585164
0.024794943504688756,0.026972786894163478,0.011159914632201059,0.03415250376760071
0.01799576955876841,0.01751282423986058,0.008219032719869141,0.021979436132959836
0.022224032296438795,0.022474289230942426,0.011001116943109793,0.028269193618076616
0.0213617023929034,0.021178669083664756,0.008636287722035946,0.02412651245354328
0.02049271887753935,0.0179064446996405,0.010431250239291995,0.03255163271966436
0.019752632711268123,0.015409387398499308,0.009425896399168607,0.025565471984110355
0.02005734915444224,0.018036407188866767,0.008645922885137526,0.027399362930338372
0.016676485295610548,0.015734797363490958,0.009308852622987591,0.026420397486009873
0.014963495077744205,0.016226714801927188,0.008266384780772913,0.017932163986074917
0.01708227335692583,0.01797056997307035,0.00952642118314535,0.02434674626708548
0.018011053432853048,0.01645483019599473,0.009993098033912838,0.0253475530508156
0.018919457453654552,0.015759513232457983,0.008755587615421665,0.02657006104791139
0.026237143624087404,0.02292870077122166,0.013889589704138419,0.027590371137175416
0.020775867756508404,0.01996306236062609,0.010105543686846533,0.027000595601118203
0.021111651873691958,0.02036181163819866,0.009420712918699989,0.02805842574483127
0.022896835251921623,0.02121929675344106,0.00952834058532655,0.025878256163902554
0.021990470303039276,0.016997112386944416,0.00856097977357385,0.026898676463925113
0.023980542957381314,0.02508974476058936,0.016064174555761274,0.02844499642271769
0.020478692634007804,0.016080395871726712,0.009982388205614728,0.023221668951560144
0.018791054085689582,0.01757243124568638,0.010545561749262172,0.028067231076328837
0.018939823745803015,0.0231984265612662,0.008393680399710788,0.027903003014916574
0.02338434112444173,0.02503051498556602,0.009840053658769683,0.032171816435712514
0.016019783862321675,0.017639493538180687,0.01019879597368136,0.027831541353318175
0.02136225172937145,0.018031899965157187,0.010769305199217653,0.030263457948839445
0.020685764258304234,0.024603627213568548,0.01465386453235467,0.02546495982939759
0.02222044423978497,0.023250876278681873,0.007937875701074881,0.031214109114821066
0.017818011924932584,0.015621587338310192,0.00956343077598602,0.026629654694425953
0.017633306472739335,0.018718571480870284,0.011305646883725769,0.02498896705161341
0.020257246497106876,0.018011435749817725,0.01061867146317504,0.02961525231552259
0.0193078714002482,0.017213550197881428,0.008783124600542473,0.023334298424492597
0.022140222198085556,0.0166053862860627,0.010118597013369576,0.025178111376936606
0.018386175508209625,0.0234658789301712,0.008494440394904825,0.030104110635790014
0.019720869041123648,0.01595962167895851,0.010381147451094457,0.02654770271897705
0.02234828861190764,0.021833649928698174,0.008656766403265456,0.031060852377666384
0.02046760192323792,0.0258423990388994,0.010203896987775674,0.029449500265078456
0.020598572465794274,0.01922030481758013,0.010479832375180081,0.027525366772795136
0.01891071145860363,0.017039335640857113,0.009750483485271017,0.02890907133525649
0.019546730525280456,0.02065258671876913,0.009410827614664826,0.029269514219707304
0.023310890792309354,0.021667435469361566,0.01267768933668608,0.029393946007941103
0.019633130396781405,0.017050163139521117,0.011620104846633226,0.027618433802213196
0.021243033228178904,0.016602068176899305,0.009027525471459082,0.025371318378530034
0.019724440278716022,0.013569764931754276,0.009675489401529628,0.026313614218378394
0.01983215414841516,0.01446458197093908,0.011170520177862152,0.02745645746018771
0.01999408382135847,0.016020382370786686,0.01059823260380416,0.026649164120580587
0.020267384625590773,0.014823656001396807,0.009312305344018567,0.026723248969749272
0.020272340661334216,0.01640031731906809,0.008227837684150658,0.02359140550612956
0.022131414074402424,0.025129605485309126,0.00826922205845158,0.02826577165881547
0.022356497943211887,0.023161365730975103,0.009396864594605609,0.02578284827086752
0.01895448900123577,0.018146490329481624,0.011453369125655505,0.02782438268495422
0.020978227943971937,0.020650675123404273,0.010536886050082829,0.028591110755023845
0.02251411512075751,0.022060339272399282,0.009691940528758693,0.026592303763720467
0.018532767843645305,0.016534969877247244,0.009442654911518751,0.01958807911272383
0.020650975715107434,0.019199360056415343,0.010473762595170646,0.02873289579125679
0.02372466699629167,0.021517065784176843,0.011951506667646522,0.024691281427448555
0.023919869871816442,0.024224190618251536,0.008769216568863047,0.031532615832506126
0.025691365762988354,0.022109851721200433,0.011048786204382974,0.026917962976953598
0.022846023958001692,0.02082768803991348,0.011766853658871573,0.027085234511683938
0.02319449346455625,0.02400717666005127,0.009325800970601344,0.0300971996481876
0.023066229480754943,0.022516942543606595,0.009298615020488617,0.030560876897018238
0.022809893173926947,0.0259518083169641,0.009368498766079094,0.03197150891024856
0.02260620082989901,0.022930551953475792,0.009497130406634548,0.02647965250409305
0.018987920695802244,0.019165209445659716,0.010306672646217709,0.02667897571148295
0.020561160228056985,0.028703058260192857,0.01393658748173645,0.028655416795478745
0.022817543145053302,0.017917542493868628,0.009380644145365262,0.02814070777413775
0.02045641279247934,0.018065502983980283,0.00977541735939435,0.0245862686833734
0.017955681154851095,0.019663708085403405,0.011923483768719392,0.027343615170351075
0.02190377163061946,0.017604557098844946,0.01085367109635299,0.02885089488912075
0.018963302962026453,0.02082125617012112,0.010499131445656663,0.02232140918457265
0.02002087291738356,0.014248185526479207,0.008741270396284657,0.02339889267159071
0.02057350890626766,0.01867047198782443,0.012126791539387172,0.0282524462727939
0.025373371724394644,0.02525803507948396,0.010649120233180334,0.031293616113083816
0.01896738348794021,0.017008496350531775,0.008881046122841303,0.026518887696450208
0.02081882015567367,0.02094425967920745,0.013310038149392571,0.02524922605256858
0.019540670963556404,0.018134275103460832,0.011180434299570507,0.02881630279740234
0.023551050917830232,0.016572918096734814,0.01091517034233255,0.02547511031036186
0.0222444361285149,0.021167823975371532,0.009921534147226236,0.022921683500657028
0.01799028267746819,0.01662093323401883,0.009369208688127729,0.02681984535620248
0.01757079637687397,0.01656265152150114,0.008944059868395537,0.022256447409848078
0.01840177279950058,0.02252078722623979,0.01112966275264347,0.03006396881286881
0.021237900466484407,0.021073024699100766,0.009725374311792333,0.02983018288882051
0.022431754386745374,0.017543954951629186,0.009116678198892687,0.02447904884094848
0.02266431596970611,0.0192329997608793,0.01113155292900138,0.02942715901927283
0.018406242683482506,0.015484812331892018,0.010280669685956235,0.027141682314614845
0.020144530216429795,0.018920909496104203,0.008312719517524355,0.0268447957555795
0.01844510131213381,0.020008692624744376,0.010898790276959038,0.02686816434868959
0.017424532013974404,0.015249812298961206,0.00885204832988399,0.025041043504036943
0.021943223710736377,0.015997717839218294,0.009004893481806863,0.028664885565492987
0.02199821409611842,0.024976393223415945,0.009387632617510598,0.030083924936062278
0.02430589899083943,0.023352184213870857,0.010542583533542477,0.03222582743377682
0.021346376736272002,0.020993638930669342,0.01197822786670463,0.031132043684641595
0.018416323762930346,0.016044339085464904,0.009447995203575773,0.029608265606969688
0.019589014891619908,0.020894863804487913,0.01179286791689883,0.028561311268750705
0.01920877256261913,0.016801187573741477,0.009636645257617059,0.025605410668693568
0.01763659244278204,0.01801277450498211,0.010874568103227542,0.027932683043178967
0.01842489308742925,0.01881995427846314,0.010479347107806354,0.025203406794752366
0.0170329832698817,0.016714884535712373,0.009857876270866775,0.022941798144190707
0.022306594385349477,0.02435213358839146,0.009600968420129728,0.03116324485341674
0.01913218781071107,0.014535048572181825,0.01076476716217958,0.02903508498472905
0.02018453425806691,0.0171841194340892,0.00869141114781696,0.023066589722206376
0.01912952122029641,0.017118423623381507,0.010171918625958029,0.027249043341073857
0.019934046787517572,0.017914084277019814,0.00869312149530506,0.026442950822138107
0.01990276367243724,0.017154476868234868,0.00867764003873335,0.027877255766514897
0.020045226629208886,0.023547816992424066,0.012222152427402964,0.028476788005390774
0.02179078493421878,0.01992750644941524,0.009627664983846297,0.02557239916098825
0.021778063559738756,0.02055445206179149,0.011056676108756002,0.029378812823035255
0.017781951265348185,0.01864936516725456,0.008276232666625138,0.028226084877077298
0.02413979379856395,0.015927972237255256,0.009579821321294861,0.027238052635726942
0.020865501570647912,0.015559458999507439,0.008127689913260884,0.029074322010216078
0.018851588543511648,0.020417033141568966,0.010639231353025273,0.02658867994706932
0.02123376203415265,0.014669204793428203,0.008055012889336424,0.025149133353354596
0.02188695886461361,0.02073662770750155,0.008966622359484942,0.027593796559628667
0.019990908070189307,0.0196977909164798,0.01170941343263409,0.02871201813055687
0.018809298905365916,0.021304349964811786,0.009521646941859242,0.03141798514355084
0.020888773413386914,0.018824559661970428,0.009459854011630835,0.025938434151251213
0.024631964945482924,0.021249872259973976,0.008525736736282603,0.03469846649634467
0.0198969429590223,0.017685085037729406,0.008930342173133283,0.02534971106459041
0.02001033434580729,0.02134112035730834,0.010161828696166796,0.026656373395251474
0.020905470952441954,0.01878360748762955,0.01034973153348447,0.027618083516873157
0.02065269057928268,0.01780559799110457,0.008703155249523822,0.02413800239365556
0.021356647877888782,0.015514670746791687,0.009088251770548887,0.031216560702018458
0.018327383298725235,0.018246987223023134,0.011791509321255313,0.027784225733552638
0.02214835467103537,0.020804818880748595,0.007064285431106305,0.027531718776787756
0.020114936884426997,0.022228139775483033,0.008023549508390999,0.027336910036235
0.01614005478869243,0.015366257040010465,0.008785934750309282,0.024093528797717235
0.019420691358656077,0.020495002975900456,0.010202766807540942,0.027692955195793217
0.019838332518193322,0.02179771157015188,0.00837040073512402,0.031894358697860836
0.020975787629137387,0.020257031565655826,0.012186650512346337,0.02924000682550481
0.017666656686458736,0.017523025951415045,0.010973882264947991,0.026281431932457577
0.020431890200440873,0.02026991501509602,0.009559025967116712,0.027415208640572966
0.021810892494293743,0.019850283713765435,0.007716372912530418,0.02855501104210223
0.024131468005732543,0.021609090005711384,0.010360964665067685,0.03210405990673271
0.021736181921970674,0.022114672791001593,0.010959932249677413,0.028284644547586037
0.025346298962743034,0.02507396983068569,0.01292543523022212,0.030593170143340846
0.019044920438734802,0.017713162416662445,0.012685024931572265,0.027461771840848213
0.020221961979301095,0.016114558434912035,0.008455510714036973,0.025119867320734665
0.02287039121954746,0.020297098722394574,0.011899941562485937,0.02738408035462853
0.01935299068474952,0.015544227782413864,0.008328839757671333,0.027375121772311904
0.021502422948778556,0.024344450421270744,0.011533907255354794,0.029344315152068465
0.01921940894700551,0.022127664773375612,0.012197785417599078,0.03346956425566983
0.021549285124079255,0.021475387037078405,0.008189027762896222,0.030039510811503155
0.02240207151548903,0.026753896040003264,0.009198542953646811,0.03182477730406616
0.019732901723320997,0.02447553011618051,0.010913658692794394,0.028227819643076017
0.023542417628570365,0.021212296990230126,0.010067977731752427,0.027155846330177043
0.027150193551937,0.023341781499560555,0.008569699098293339,0.03301471312826554
0.01961981383059382,0.01712497579746612,0.01103332263575497,0.027277248764790783
0.017174870180829478,0.016334737758057008,0.010405085038760625,0.024072795475959946
0.017919320473575057,0.01851556335716701,0.010471608083094979,0.027260636803984897
0.020666027818049673,0.02084924521208312,0.008405929146502903,0.027855397229576653
0.021810450775877913,0.017461282765272267,0.009296198232362728,0.025154370852600375
0.02079411386728225,0.022542935232287134,0.012448338625264475,0.030469042593921823
0.018870958128281795,0.016736262165963852,0.010897318175520056,0.028712279470249395
0.021878357670210992,0.021065809903260027,0.008985362231725452,0.025938674378821223
0.02166099236359697,0.017567481299148684,0.012659697714024936,0.030363133414624377
0.020000857579445794,0.02074711169086831,0.009418172341833796,0.026035944638634338
0.01852658901409264,0.018443722117942093,0.010945400518661389,0.027388783495425794
0.021327938322122285,0.021924510713740804,0.010564134148131055,0.02801203917299156
0.01956185730573739,0.01599854816227075,0.011347854066292285,0.025011396032545416
0.023411321145087538,0.02011981055503586,0.010933678514669597,0.02782698328748712
0.018605921767648033,0.012755398582214413,0.010380017374148228,0.025705864951643412
0.023693484565704186,0.022774364175782637,0.008743637964157457,0.02816486058283615
0.017482658746709116,0.019644710290854007,0.008798690772571192,0.02416401736238527
0.020994289051969643,0.02397492239246628,0.01008756668121685,0.03149874308021149
0.01841296715226015,0.01592164661888095,0.008776273030445796,0.02575995374471362
0.020475469633974397,0.01560765827940597,0.010333999881042392,0.02752232374615747
0.018999454643322186,0.020044870802455452,0.012833907942446692,0.02754239157206921
0.019830772578764817,0.014287208683255706,0.00897849350507271,0.02952150376282117
0.0213944795933688,0.022344911695278385,0.013128292753277471,0.02797742073233718
0.018600460421993696,0.02032672234036554,0.009523966875241867,0.029543376000766428
0.020251165311571777,0.023447549926791274,0.009157894227126526,0.032482648665123945
0.02175739205795407,0.020080057888463364,0.010244909323631013,0.026026438934375725
0.015561511591401483,0.017081221941295816,0.008562043245820678,0.02402951167522634
0.023128013028577962,0.02114565833408806,0.008821475613848112,0.028671387624648034
0.02064600977119275,0.023068282588685908,0.011315740129743294,0.025637814890951186
0.017814056338650214,0.021827114028044624,0.009911403814561234,0.026293168781838884
0.01978886624477258,0.015651445609246625,0.010629467736765765,0.024386566839471747
0.018185886086269618,0.013826912157628348,0.008433137249930748,0.02370391851263319
0.025807950239737885,0.02269883678559083,0.0102071501775474,0.02723547632684637
0.019558464397406765,0.013473078887403084,0.01133614552699717,0.024523390596324995
0.02031321570356214,0.021346543549319832,0.010080961997720145,0.029809456353007833
0.020078053311001418,0.021604893785926116,0.010185839725870035,0.030698606221050924
0.01781963775548445,0.019769360797102054,0.011795509984683695,0.028558802163126788
0.019755773684504475,0.019022353559795226,0.011720943634650809,0.025194113709741412
0.018439164031150777,0.017979831414087755,0.008512694508780458,0.026429528418039798
0.017436688455558298,0.02349665963898857,0.010092961806243392,0.026603381210580906
0.02035892904890576,0.01883525586954084,0.011863781061621849,0.02799691530677776
0.02234522500314577,0.02058127941666476,0.009240444213202297,0.027964976965356644
0.021900714171474493,0.020992377213483043,0.010822144762503375,0.02603785952456268
0.021600201571801116,0.014942209022365222,0.008345908964748464,0.028111314309932422
0.020179890720925714,0.022708940113505514,0.011102974084082961,0.027024157043907943
0.01973232859615838,0.016110155451676787,0.012009795763979226,0.02871658536201031
0.021568367348544493,0.01910149837821818,0.01114439409384383,0.022835463111375187
0.0221988451225769,0.021020735732020575,0.010826373981089411,0.02720966422949394
0.018970993070826253,0.015563702478967177,0.009941537092884043,0.023943972227474727
0.022389106040922077,0.025875856797612264,0.009310614957053927,0.032462289634383114
0.02315419527886701,0.023879977294117234,0.012808957067580142,0.027829457866583543
0.018181890078388552,0.016403030974349392,0.010419367492645902,0.02521694977823728
0.021512264844759196,0.019407655249862134,0.009086925292956514,0.028694869901950817
0.02121382872352813,0.014275334173187455,0.008668753546007272,0.023250446848665084
0.020743538627345983,0.02051794005345361,0.012952914416545676,0.03212765857498302
0.021136894566663948,0.02388190387802046,0.012654591551418171,0.029058975908647245
0.02301075383364884,0.01899262725954214,0.009889087538499682,0.03121899229133522
0.020438626855763736,0.020743393324422384,0.013100921328518686,0.029288519749429413
0.022596627228401736,0.02311330614703108,0.010968799248797694,0.031076111133058755
0.022030412475254505,0.0181471774164923,0.00959055734456737,0.03201603123266084
0.018259540558887278,0.02879205400231268,0.012782948632978786,0.03101965028228541
0.021018687262529593,0.016199207674317463,0.008241185896557682,0.023175217400028522
0.01876267980788556,0.014789085413469898,0.008660718939260745,0.027847306504251247
0.022557667987403406,0.021859584700593925,0.0112422884760143,0.025970008072202802
0.02114986604917509,0.016470648039499686,0.011340885847694188,0.02492673958634611
0.02210171776547898,0.022076168635753783,0.00978064864136826,0.027702860849156477
0.018820298905132475,0.0248532146171027,0.009736188329093542,0.030873444754398533
0.020249908324199567,0.014875312133482293,0.009414869312506007,0.026067555616422457
0.022227425412068947,0.02608681821344179,0.01047168056136471,0.027271643584692445
0.019865077868874426,0.019754385603840508,0.011717284244957623,0.02286776545651179
0.025814870800715338,0.02589958700781931,0.010551797246597716,0.03207764584422851
0.01833254596490034,0.014941097515015163,0.010308041299760078,0.022407779052541564
0.018904216928833033,0.01766763074128421,0.007891996669904745,0.028526781072078677
0.018183422863126197,0.017407643217598003,0.008713539112158646,0.02714438885235308
0.022401091306406988,0.020330490177281536,0.01126190868751426,0.02755550348015717
0.02063554910137999,0.020753095238021352,0.01179360734536131,0.02877550602454868
0.021021398692311274,0.019061622318475444,0.009716074595699505,0.02610998658434444
0.026041887846507746,0.022207990114799854,0.013105894458999609,0.028598130157755017
0.018516212471666342,0.01902497114071942,0.012398428755728528,0.023581241121637234
0.021546137836008415,0.019345122783901797,0.011553243301283041,0.026721753016490574
0.022695576608894333,0.02538639154763239,0.013019767454008103,0.02961711446826358
0.02281274921919821,0.02234336622104189,0.013103735215393767,0.03359451787293325
0.01830445969595826,0.02091504323012783,0.01408234925858361,0.02701983455763121
0.021885702482418966,0.01959885663280799,0.007962937447458338,0.027152273860645136
0.02177992097777281,0.016391788696873792,0.009768871199751932,0.028192292743416288
0.020006015455335212,0.023498536982333437,0.012720937171078306,0.02965339686442193
0.018938219286213264,0.014911956903418564,0.011468514160888347,0.029838814071864547
0.028170256462248203,0.018934869205729444,0.011218863654488124,0.028819644208186404
0.023393554956471933,0.026275695521392216,0.011205241874550874,0.026996655859634282
0.02125045569663361,0.022497096231127407,0.010102014749940436,0.025225029289710606
0.021215340989122103,0.016024829422125162,0.009553158494372278,0.027227949012714622
0.01896281476297507,0.014405362314495747,0.00919984354440677,0.022133471883064398
0.020260121111783283,0.014380062233691388,0.009814377252725832,0.02633143990673268
0.019574671736719118,0.017745561949668764,0.00956396594201148,0.027633277382789912
0.020195267912213405,0.01664920974431716,0.00805947080433879,0.024397353107731223
0.019600567527200484,0.013962008764934735,0.011132332209373534,0.02643536500126952
0.022976873461801453,0.017658507734241914,0.008410297948021554,0.025348040190293155
0.021028872984761887,0.016788879061647898,0.010019248857696516,0.02532219805626359
0.019514658599548797,0.017460999941168148,0.011438737836452433,0.022282102242069456
0.01675918556696354,0.020087797812892452,0.009007904592563253,0.025328939417531678
0.021720531583292076,0.01828870635012446,0.011497303984070655,0.029419846071488842
0.020719314239986842,0.016837122639466198,0.011040458593905258,0.026241301820765936
0.020254816268308766,0.01935747222677679,0.009288740156146084,0.025481266030750453
0.02228798292339238,0.024677896805921945,0.010186906156232738,0.028944845397951603
0.023548418400454206,0.018493870274159906,0.012035530888421232,0.02907543912803276
0.01619345142620996,0.017545175303886044,0.008284135752593881,0.026345373296534594
0.019444553327547326,0.02013344756338852,0.010619980927027976,0.02918415202345823
0.021453341095883656,0.021213649525216684,0.011427791050646542,0.028835234439770346
0.02083525562866468,0.02332722724945908,0.009131502226169212,0.029023653709851258
0.02557700550726622,0.025372600332192782,0.012278002614755612,0.03164963317923013
0.022336119292300928,0.02275827832403616,0.009902308380080271,0.029713774935435443
0.023375111991531663,0.021594797345452763,0.015508888236669323,0.031088900923037746
0.017798440798138013,0.01410325655064577,0.009744859176857116,0.029767478077168792
0.018014158980221615,0.016719762518573378,0.010968805258284408,0.025994571559259785
0.019528006618954222,0.017191983561407005,0.011096078596500704,0.02676537945396644
0.021089694451223467,0.0259948334083049,0.010801939959047439,0.027749862536582407
0.019423790036855626,0.023851314532002843,0.010646762339149289,0.025270360805015348
0.023267368013452062,0.018663073270315706,0.01595372142541131,0.02947377693751174
0.021171782021462714,0.018984931991649186,0.010298747783303492,0.031324672728476624
0.020134376653848776,0.020640743557410888,0.010947885629417703,0.03141446092295185
0.021298371458582648,0.019079969823393224,0.00930200025315682,0.026760850883139405
0.018951197043691338,0.014996085274289715,0.008693865680443516,0.025793421646912108
0.019459000783216645,0.01779914826743616,0.008476718436060657,0.02823818543502079
0.018592020788844754,0.0167396403701829,0.012487734475587734,0.02627370217414672
0.01717275008056252,0.016412851262471155,0.009118877286931143,0.024135994204858346
0.02596131642357972,0.02049799860807366,0.010646767970212224,0.03185208414613953
0.018247088669461974,0.0168232486918333,0.008711989396293196,0.026653792949480844
0.020871153286093357,0.02456424373017186,0.009558230926810756,0.030040237641291687
0.01890620010997292,0.019260579194199837,0.01092420203409137,0.026858159577885492
0.022360564102633096,0.024896933451981396,0.009566427465571212,0.028472207463624326
0.020625619690470363,0.019927419404776544,0.010180273850384305,0.028489142217531953
0.019442744884398698,0.02536988914143614,0.011220923786286138,0.02741817610266171
0.022883148345743697,0.02446049421273514,0.01237357419311421,0.03185257810548305
0.022519924839953312,0.019023137103292204,0.007854693625145993,0.03382409277668359
0.018631467785360848,0.01946281864709357,0.010746579474215479,0.02598166168212339
0.021199199881625518,0.022583605423483318,0.009011246139669998,0.029813384623285342
0.019839783001983094,0.020149254774359728,0.01074938634623275,0.028025948929177938
0.019382934118074277,0.02353179956120284,0.010925650197756575,0.027412996948626638
0.017720179724654707,0.016198456600191216,0.011872481953980878,0.028844109715411452
0.01971530034459064,0.018593442122104026,0.01169173787889427,0.031507668789548575
0.020689344672735394,0.02198129639843784,0.010489734306970864,0.032034145459808
0.019317156581835575,0.015095260082631807,0.011233472109750182,0.02579847458079583
0.02222742900609745,0.017012666552644818,0.011433570479531363,0.02217633307507645
0.020613620859689957,0.017784031018105474,0.010654891791913021,0.02760785987213628
0.01857420751264075,0.01898140089180784,0.008596094061814809,0.0284301238793298
0.019637392984598524,0.02251362138441447,0.010337740277445443,0.027181598902082504
0.022476843412022336,0.017521164561211618,0.010843742166012596,0.02622755615346428
0.022898177159810275,0.02366950258314182,0.010199717723536058,0.030485693204255433
0.018689470264790398,0.022640897969503464,0.01142233372455503,0.02595603860505643
0.024070854985688516,0.018838675607675312,0.007655957693311227,0.029575070102082785
0.019198598444121077,0.016676112812782085,0.009094608684904092,0.02642355915295127
0.021574400675250655,0.018190064128891716,0.009229201693337925,0.025239780810321986
0.02249639342012149,0.02366201218546794,0.014296221603964163,0.030736935989288547
0.02217523896673617,0.024487234236409132,0.008554921226549553,0.029977400617566992
0.02123697993845678,0.01936689287324898,0.010002636390544023,0.030585868783059314
0.02161462443015337,0.019115040115387425,0.009784561551547302,0.026570460810477217
0.022013496380914044,0.017021255694770608,0.009059056839730887,0.030710638791340738
0.02011548855458878,0.02040215766619498,0.012215315617357062,0.027763958695567754
0.018605665818715512,0.022419414596991455,0.010183868330440833,0.026994959240406097
0.02208890947646564,0.021831379319703297,0.008269535557656742,0.025136920531134956
0.019239375491870818,0.01644313641667179,0.009774161405746211,0.0254164488686419
0.020784841516847313,0.0221853780353158,0.009435046836758275,0.03083232820933316
0.02140376759365029,0.02179812939831433,0.009924204696616284,0.026051159770746436
0.018779515137905187,0.016131486841780333,0.01219194089549273,0.025414512993515305
0.02274900004985664,0.022984734076227278,0.010299790511238614,0.02907269981130129
0.02340667528205974,0.02652352378222888,0.011618226791924102,0.028681086489077676
0.021606834353274394,0.02952503960562667,0.010153864561205542,0.03282719619750915
0.0237435896230744,0.020993089256435025,0.011833222613244687,0.029241614197278974
0.02189443124981163,0.01685728744432871,0.008787232598705376,0.02678839203071316
0.021058001975246776,0.012961375997489442,0.009640546764352689,0.026600334431768038
0.018007126225476948,0.015726446310301047,0.010310206008902562,0.02538680974909919
0.020435925008354533,0.01754432043168221,0.007200432367181592,0.027624236228069872
0.019505251099116234,0.016150716108232085,0.010337035803545884,0.02469309386502623
0.02260386575728273,0.02574721098616966,0.011837671462025311,0.030137695440827977
0.024011844853292885,0.02680781177815738,0.00952614372035289,0.02872938674080374
0.023648098402804758,0.024788210685598944,0.007571175193337698,0.028917303621060417
0.016924447735392516,0.01830024415073589,0.009455164304393408,0.026075479689472273
0.02341222637392524,0.01710399506810175,0.011754112453694777,0.024859411900402906
0.025945234453962948,0.02435624821674713,0.00915141541761166,0.02723343449400984
0.023029560032169064,0.026182931802256497,0.014429352608720664,0.02945525226826025
0.020292915708637116,0.016059383624007845,0.008869574543647167,0.028070287076113226
0.017043842158958128,0.01718228872974716,0.009283334157400824,0.023713913528027365
0.017765107037885065,0.014186175591215083,0.007608862920309625,0.025535747554112392
0.019885978257200065,0.016373866981456188,0.010739814397912347,0.028432551792374996
0.01952522869054671,0.017432573418967517,0.011010429891834136,0.02653512902233076
0.02030748923676848,0.019828980344051103,0.008120790155113317,0.026817768165888677
0.0191040117393376,0.019015014001520527,0.010196623815184987,0.024875968588979974
0.023693706166664906,0.026274675013868452,0.010195115322187542,0.028757733056489158
0.018421567375912686,0.017470715273635827,0.009163487967575571,0.021561361037386435
0.020797376334304382,0.01762915213657459,0.011277528960140665,0.02752691581186518
0.022109603533456895,0.015272419855216686,0.009976547885170335,0.027365118826076302
0.019087972451111067,0.017497679962308714,0.009040106268893226,0.025919213846838655
0.020271988500763623,0.018699101253293354,0.011873381032329561,0.026793557009849936
0.02061980780039429,0.017562357857277763,0.008817444838900665,0.024589169579937988
0.022146125710575143,0.02172120692882294,0.010224141844421882,0.030284660584439484
0.01895541589953337,0.02374981804018412,0.00992283519260732,0.030126405922840306
0.019038084921363052,0.01752378587525747,0.010302238608438461,0.025401524057340398
0.022030219951528988,0.02145077463955048,0.011528218951530694,0.0278743409217716
0.01860472503683673,0.014813829457220396,0.012884708901578754,0.02658472000825696
0.024625516971665616,0.024161509419192897,0.009579832870985253,0.02429555841487539
0.021356200174685203,0.017769022866582395,0.010782715920175804,0.028784725145964536
0.01747623040721262,0.016265559958270535,0.00998702946371038,0.025671233008720113
0.020229433284034412,0.0194125798614844,0.009242291174155173,0.024113572246262135
0.017895685202121515,0.0199266675436626,0.0103349526098542,0.028005899000291323
0.021663722503841232,0.016832035941243304,0.008998179010150615,0.02670247756776383
0.018941259290514913,0.014904830679099153,0.009706808726620782,0.024113428843526345
0.019540395081015606,0.016586838914375724,0.010101178105105744,0.025345374967231347
0.0204532474894108,0.019995343517699753,0.008572488615414943,0.02837334605578823
0.01943102825830001,0.02105852674566849,0.01110149211535498,0.031526883495085034
0.01767624263688908,0.01694427192357961,0.009749859282717408,0.026684201830340162
0.020458853688378346,0.01727474337235222,0.009340969987853238,0.02644081479903057
0.02378419139985742,0.022059918167846353,0.010922204446427313,0.02602220023412799
0.02106060407053622,0.017534842380755637,0.009845084981294522,0.02973000418587325
0.02188373505944853,0.019768601978685088,0.009301098380989602,0.024345079223973224
0.0234616347715429,0.022546095018880753,0.01014981994810182,0.023912828070087374
0.017792198690939613,0.017138658689030552,0.010066499387501902,0.025551800204623623
0.018562801676805053,0.014829517267475553,0.009062275166279748,0.02602368648715557
0.027461549623386712,0.028798323994706373,0.01688459288362058,0.03232256866162086
0.01966705977960683,0.021251112111429143,0.00959344766663171,0.028016560925204395
0.022826531789833664,0.013185874562562556,0.009916972014994153,0.026849746453191027
0.017537522947198906,0.01886061238473103,0.011157981928380727,0.026950089589646314
0.021165304752075405,0.018679887636729103,0.011469021925995576,0.02686510781195346
0.02058480844520654,0.02112710113345072,0.009818579503909427,0.02662305252765399
0.021667198399569584,0.01641242753929812,0.008725917874726694,0.024544159667026763
0.027967618514984145,0.028316519941300217,0.016890933434364368,0.033379275558498664
0.02086913604874488,0.021331406186554495,0.008767870318351141,0.03243865853181639
0.021737528046521116,0.02184964753300553,0.009567063807841237,0.023598402433330334
0.019520840881229913,0.013653602691609118,0.008483867136406921,0.026537436875476987
0.019459090030273338,0.018827036269882143,0.01026635157356836,0.028652513821256997
0.022478865261552516,0.02000657710897248,0.011198249083060576,0.027569036246515095
0.025134783909118146,0.023673115747452043,0.011168979788653936,0.028643846682360224
0.020768121694258193,0.022790781113383646,0.009825353275684618,0.02895677230124634
0.02322479100421774,0.018894152582314163,0.010769091106104316,0.02583824666223437
0.02003440481175599,0.016601706697121715,0.012194549083784102,0.02517330672551639
0.019997149689426955,0.01644910554601376,0.010215342681422799,0.027217169954415768
0.021172455350781515,0.021382507616031846,0.009585529970764253,0.026820975060039928
0.020947869419461373,0.01729422971516194,0.010510330788011477,0.023817355409908262
0.02665019102358482,0.025365351827199255,0.013017055207666195,0.027189296726288534
0.01942487660629337,0.01940908079481616,0.00938655688744085,0.025530904810736624
0.02486846169700544,0.022317102814091577,0.018221499120173623,0.03150132102586156
0.021053936120176055,0.02296331712537507,0.010853914224514717,0.028264581040938833
0.019074116952143567,0.01751166390206334,0.012913725729920576,0.02673899100951034
0.019893478899059763,0.014428493992105686,0.009204334533682489,0.028862495962981016
0.023259622750985365,0.019859692761510155,0.013320923732076575,0.026286088361487693
0.01709960245540688,0.015406774302864159,0.008381928977326683,0.025976285014106197
0.02108018941260462,0.016624115074755134,0.009330792313506094,0.02785646696554534
0.02411429123455952,0.019291022073015876,0.009270432775637754,0.026004611482988535
0.020250272347191133,0.019589002817931,0.008639686703511985,0.026624125771644715
0.018206583817870534,0.015848431362988066,0.00912095745260548,0.02510704244918187
0.023313653554840844,0.024061184915747102,0.011212310749357699,0.03297013757951537
0.020978551867523943,0.015099019459092857,0.008632061511779416,0.024126995891720127
0.025795251230691707,0.025305218728009025,0.013453418449254654,0.03114946079571701
0.0236529472228934,0.023323230782360482,0.011501567331468152,0.030528544846246612
0.01632325047616057,0.018624150967808957,0.007863652993683351,0.027416041104943584
0.02030016835623498,0.02349191975516326,0.009506671172008423,0.028976019765683134
0.024318148635659998,0.022847369693600468,0.009121611805080424,0.03214686615230904
0.02251083674772715,0.023889869365724,0.01528945915443924,0.02636767182967243
0.019447652369316615,0.017131322064257583,0.008686776247173067,0.026334909088155056
0.02159474100914306,0.019883915425710712,0.00910651558297786,0.02978333911478384
0.020116875142302017,0.018198367659327697,0.011294432163507222,0.025210727330841055
0.021040245425508856,0.019841989517743734,0.00798045803568713,0.025389903133930143
0.01642668227495824,0.014109826891594884,0.009165670310227277,0.02804750983422804
0.019294243243363204,0.015621618302684433,0.010797819174111467,0.02602886834455008
0.02084459116187718,0.016664131983859992,0.009773151995380355,0.027334728517452313
0.021430417510637942,0.024902532816891934,0.0085320442762269,0.025540025432265162
0.018853261070011472,0.018234188861483168,0.007350036608534793,0.024367978614930747
0.02055705884492382,0.01795372914557444,0.009930986773852745,0.024783959180446125
0.02046326688986442,0.017730296708793204,0.008770782222986403,0.01966643257718636
0.021922992502372687,0.019469294996454774,0.010188830665349022,0.02738587790043288
0.023408443887974445,0.021380876757869448,0.008936043250409146,0.029183041676784583
0.01951569759083866,0.015280021386554864,0.010731879983263415,0.03359671926371721
0.02842332393364913,0.01925998581146318,0.016797483595536948,0.0319922440754981
0.022872061599821268,0.020281117784187105,0.00830192963508606,0.030018604890921674
0.018088927404505854,0.019353021234227837,0.009717688453862346,0.02735321432855044
0.018372375968745948,0.018504475108907292,0.008117970071933343,0.02736856606117477
0.022074098405993513,0.021884944676783168,0.009377292317059718,0.0267515958826653
0.02260362044935408,0.024226371222258188,0.008496781081630045,0.028726777021801993
0.018546899486057603,0.021449606032996858,0.014260288779790072,0.028224001452820273
0.02042418445843454,0.01686628553989045,0.011042444516562024,0.02336894340451396
0.02349491736746489,0.025743199836350445,0.018971619940836043,0.035540865176478524
0.023985895117092614,0.020293028195872934,0.010470497900215115,0.028194933541693466
0.02268115612866721,0.02213314016185485,0.00905596960186985,0.028544096203607795
0.026910964703612643,0.026361746142363626,0.01987727709465752,0.03184466860846777
0.01989022496821374,0.02323691580200966,0.009815333937895132,0.024318984785933466
0.019535728163332853,0.019226981806702008,0.01134163747643743,0.0278543034753951
0.018824808513516124,0.015026826802549225,0.012411212668647094,0.026297493069330505
0.02242077931177284,0.01814159248561355,0.0083045294723005,0.029443377096859652
0.019187113268854302,0.0170569492973317,0.009812606378239809,0.025682427928751125
0.021762467135454957,0.025226421940429365,0.011064456524686392,0.02045211380322711
0.01971790330164977,0.017030128079294625,0.010540895406967146,0.028775679085309123
0.021161831626610332,0.01912357968658821,0.01011681071510066,0.029444047034592365
0.019736505716753013,0.01927179413275789,0.008378618285111196,0.028530171898657888
0.020903377392782745,0.027203932685951546,0.021442873086588238,0.0308534675799225
0.021520183192947063,0.02005140213621813,0.011354700417444286,0.030426866002258898
0.023434440464357865,0.02290854875084033,0.007517692614488746,0.02729291816189973
0.019704408493584534,0.016518233083855215,0.008776890481610997,0.027156548236155046
0.0240910933294248,0.021416192685058594,0.009586706871430966,0.02908786992094006
0.021737724540792966,0.024136277754259396,0.0157797852144652,0.026633305229505515
0.02120679216379412,0.024729986213537343,0.009407215971181025,0.030505445336789505
0.019358119358797145,0.01810983281566945,0.009491992531862791,0.025634277354666897
0.019960580445843278,0.017603933097647323,0.011175754558169713,0.03094568132098724
0.01615547609814877,0.017741631901721837,0.008909185816500641,0.027009948973658958
0.018576444653878928,0.015215376818279893,0.0082224648490393,0.027085993445695532
0.018465100537406073,0.01428577608234985,0.009291852785807181,0.028124265975555
0.017725569764786828,0.015439002388146423,0.008873692311600193,0.028834983024240535
0.020542157207038857,0.01999525464464431,0.009871997183407939,0.030311282542167393
0.015461904531721457,0.019967248864256885,0.01849568189733232,0.033452420200861095
0.022281470065485726,0.017269507751469425,0.0095653858894587,0.029071253454108936
0.018364599079317562,0.019893449211754663,0.00908297336370302,0.031109333994634614
0.02489106815573466,0.024866073528051647,0.013907020768406966,0.027160905891711978
0.021855391386982757,0.024016286532320165,0.011195504680805608,0.025726998529619096
0.01791254012612315,0.015350234619415228,0.00944465281084025,0.02714870424389936
0.020094560123211633,0.019278860814812334,0.008996697543839798,0.027143020472420135
0.023941870847447085,0.023331536972050617,0.009110168604121213,0.0303078084903329
0.018624939541289742,0.019042580301973946,0.008008162412399876,0.026186142943983727
0.024074770298437825,0.026182510169304687,0.009009040218209165,0.035040347113184794
0.018140627592140194,0.019231760710006686,0.011569604975420401,0.02596411897994336
0.02033964045238183,0.01557045619073033,0.00990931495748082,0.02831598012861212
0.019985144005549675,0.018983815086578173,0.009902371355755241,0.026960903425941502
0.019851696585991153,0.021495060244402286,0.008177413504968561,0.029009031770074287
0.02421110383796936,0.019018387469506653,0.014014837074410858,0.026704926525375726
0.020034052200633385,0.02053269565605246,0.008084007552441102,0.029124513711388356
0.020616007642518593,0.025420832051226062,0.011415077840115681,0.02743391844914539
0.016840068291324208,0.018760261375159293,0.019772993705220274,0.02842224118485102
0.019402748247859206,0.017219789176804383,0.00945162568010438,0.029566566967310498
0.021142744515084376,0.01703797893272744,0.011117845453345543,0.024036953499518426
0.021902548464029628,0.021942419635235487,0.01076337394762967,0.029612682464854552
0.01714197556306401,0.01735709640913685,0.009365559289182075,0.02794484484494711
0.019889195487103602,0.016212782446058834,0.011860729792893307,0.02574973185816947
0.020326580783798162,0.01679695675001306,0.011188053053716396,0.024404483728176597
0.020785801471651003,0.019024707991472833,0.008322992373252493,0.02731932872835699
0.02026673055664635,0.018335581993667333,0.01174888935865703,0.025575974182637757
0.024130670652567424,0.025093648399160645,0.017523914279391345,0.02880854357814852
0.01845763032730443,0.018553321565677062,0.008021387519109788,0.02603368691705125
0.021366019887285384,0.025026257122276137,0.009051614544117575,0.029238236280059688
0.018199989495068285,0.015156707389558113,0.010777339816775929,0.021563812376487503
0.01987430251031931,0.017481232143649886,0.009605732833711347,0.024074892858048605
0.020196080642983543,0.020666041672046574,0.013655122520962555,0.02938814462180836
0.019776173658824087,0.013718583595472145,0.009374515665010269,0.026322141956417598
0.015480556693688419,0.016969650196995822,0.008143851650833906,0.02302972378600201
0.02284289744338118,0.022178761793003175,0.009992074085749786,0.02561262668956607
0.020204770974596407,0.0149074661900113,0.008438269831172763,0.02634379014612084
0.020386397622030632,0.02294216862333239,0.008292095727739812,0.028618650202054827
0.019674791140594276,0.022641886681369842,0.00759577072514171,0.02757462933461015
0.021638612463775613,0.01869595215471242,0.01321610843784693,0.02954799020060664
0.021747809191681667,0.02055322159386149,0.01216316237129346,0.031644809646576906
0.02741207528696913,0.02789182727402407,0.015331986152760727,0.03077135916110113
0.02117243600634315,0.014235479240758346,0.010380554759388257,0.025728692378126087
0.023113828564452335,0.021481528199842767,0.010044503082575085,0.027553125507363548
0.019431544555721006,0.021964053499216596,0.010683856661669593,0.028097175428733454
0.01742680543771656,0.018586879171568173,0.00848547633883817,0.027151896817071242
0.021348226314805648,0.02086625469011353,0.009675615035905576,0.025484983642699265
0.02078449707290217,0.01858646237931822,0.00880558884506786,0.030731539895195833
0.02173858402201396,0.02297955292759965,0.010673194587205576,0.03086432859181589
0.01882871447026202,0.017019244243464328,0.012186043028051857,0.027193855760518408
0.02061993882046427,0.013613968566511784,0.012716449826291032,0.02338489961984831
0.016082186596454304,0.01640024863227618,0.01219877604914314,0.025591570101604955
0.01858076984558223,0.016803854605130144,0.009011752521864088,0.026547124578304267
0.019388734360326468,0.024606061135477766,0.011958210944509714,0.024926840844045024
0.024970694295834567,0.01968180493915355,0.014141513625328134,0.02758233479898882
0.019860141420625504,0.02652506377463788,0.00961563128912617,0.02852889032821372
0.02298883318965854,0.01965441375397571,0.0076646671133652,0.02502604086672711
0.016722860709204847,0.016620144829380058,0.01034857023703068,0.02703037283450871
0.018528697797162128,0.017163176966973753,0.011084795476121428,0.026589780295034456
0.02275422771398762,0.021914160672304464,0.010596206204042306,0.029321951451162342
0.023308519443225928,0.020165215218940657,0.008940528116941088,0.029595585499286103
0.020532205688070047,0.016389231478180187,0.00986494149577509,0.027107268383111335
0.020631761981284316,0.01752328077035196,0.010561179034543367,0.028255957317149787
0.019621836836757306,0.01843420064343651,0.009011192870129636,0.025656077667164955
0.02348725655853792,0.022046371820900287,0.009916671008652886,0.035229339121135836
0.02055338091118835,0.022880603146792848,0.011776820463981468,0.02913842520301015
0.02183043488710849,0.02361774590471808,0.01680640635867957,0.027099224448482485
0.023124501464406276,0.02680175690572381,0.011703828344221043,0.028817722956471538
0.019380763953203962,0.019193921258193122,0.011529745819114996,0.028832067713927725
0.01967288139700067,0.012357035475448589,0.009099221060662192,0.02210581219317207
0.022930511647205862,0.02429877298547084,0.011597206046090006,0.028600270066023104
0.013975324117486794,0.018432301456914303,0.017331670175640308,0.027136587952391364
0.020933999001245984,0.01740899057442763,0.009884202218978436,0.025081094655514724
0.022270043136504544,0.02278817268325958,0.01010072217401671,0.031150396664482424
0.018217236516368467,0.02095139513708027,0.012091486362818994,0.027333775248948863
0.023594169814990705,0.021880043212836497,0.009303836708097134,0.02829912343880999
0.020949347982416638,0.021152061804825317,0.011189509797283156,0.031203555254182978
0.02424337837477708,0.02661249505706258,0.013013786980924414,0.03136547504631296
0.017071966281343606,0.01493304861531556,0.008076064734937646,0.02526775372928377
0.017541050701801838,0.01804892976515988,0.009823551937307995,0.026452394199887555
0.024318392060737513,0.025033039495680972,0.0208627536086192,0.030961078518472157
0.014601291869597435,0.022014723849159267,0.015141537079671981,0.02715418430076151
0.020703749370278177,0.019497179243744656,0.009834846241875129,0.02406540569679176
0.02459301165602398,0.025968704474477362,0.009729105910219932,0.02830241413199674
0.018842766413377024,0.02025920044252804,0.010767741052378411,0.026546777118781326
0.024816032464677527,0.026058148237525378,0.01579691473553966,0.028743253011948036
0.021127992329714792,0.018203949968737178,0.01136278911956334,0.025610939344423975
0.01847936202036057,0.016707395785785784,0.008683445060384265,0.028843248688997833
0.020978915548366575,0.023018000467747646,0.008141756892181917,0.030940228429690055
0.021044245352392063,0.021201343940380365,0.011578101804837817,0.03071595331385151
0.022048975108988837,0.02368407957061219,0.010958231457703575,0.029103309481366912
0.018099582455966837,0.022511633084708837,0.011384689660167566,0.02421355267424946
0.022217450609987463,0.020256128042842204,0.012713232387853463,0.03138608992127297
0.019644620740241172,0.0164345640020155,0.008544117903946241,0.024841341215864697
0.023894487017590463,0.01933234537043614,0.011904238628277202,0.02803906677465383
0.02053327573404265,0.018624094346364892,0.009927873825581829,0.026263031756845884
0.023530741787344704,0.021770170235688127,0.01050441606164745,0.03000296819648881
0.026522364444021247,0.018872911739672437,0.015161929411452165,0.027674218330745258
0.019452624179802515,0.019415221538713733,0.009665395812516683,0.029084201189782433
0.02230500221073157,0.022288529053400792,0.009960120325821272,0.028301511104158874
0.021387469373262823,0.014354244367722278,0.011135662207739677,0.02703577001663504
0.022256741809152585,0.020610007359632483,0.00879827895779041,0.027938878298954486
0.02091664099252026,0.017875812112881678,0.009919100245981558,0.027608348595080667
0.018749995117242516,0.02004431254749952,0.009075192089877736,0.026187543818184555
0.02008107442718054,0.025220781082907824,0.011378040860256206,0.0329670049454864
0.023453604935810876,0.019522690278812687,0.010007381100724227,0.02503156842633074
0.02432945260051366,0.02642252875813289,0.01264100412576621,0.02897159335269836
0.02091177203431212,0.021948964931291587,0.009726493385040466,0.030932114121515825
0.02320972416240063,0.02361692776094882,0.0095443415301259,0.03258974401610752
0.021113272427241175,0.023696206185421932,0.012983707727755409,0.0326061015127912
0.019822852284679095,0.017696636444582522,0.009414295189073836,0.02877694537453808
0.021533883341059122,0.018170251863722415,0.00878969151567324,0.02765584330988393
0.021810250407563535,0.024027069791281754,0.010878341652267563,0.0309175295628156
0.030644390180194547,0.03164562205435699,0.02387716177817339,0.03300810779754298
0.018510309671646897,0.016372203180769436,0.010229707957730044,0.023470099306884734
0.020979064469078487,0.021286794312175197,0.011032232132283375,0.02552698936264973
0.02142874569559892,0.018356757626454785,0.01062153062207128,0.02637663012171243
0.018760120771596375,0.018330865516117737,0.01234102363363512,0.025424249630747266
0.020879611738804683,0.02553866942616862,0.010898506982165566,0.030313704505025678
0.019182257298941692,0.015538455664632498,0.011979442612930533,0.028170592608395245
0.018777615137020864,0.025564392324591283,0.008753201359743595,0.028973951560446517
0.021771138844524265,0.01772261558393727,0.011037484870370156,0.027134932333539127
0.0173860733383853,0.016330345403116113,0.009048693698572228,0.028221275389380004
0.019326243186717468,0.018618224660069838,0.0088368679564805,0.024247076619114453
0.02043929373341033,0.018154874942832626,0.010857085412919788,0.028881491347474936
0.02176480666262051,0.021129326381230752,0.010466524419408124,0.030984035827190882
0.019244741643083263,0.01899754120685472,0.010403026145289472,0.02610660251531498
0.01643195666314449,0.01233770881805029,0.007267992369024346,0.026390112256465793
0.01893914717252676,0.01825849578470463,0.00930392346654571,0.024353798030914607
0.024777134219767745,0.024977059119984324,0.014396273559081782,0.02871073730592035
0.020994543875525174,0.025917509044053523,0.01121988492646545,0.026104414130266845
0.017986901421504053,0.01427805883599363,0.008372019672308426,0.026796544621342407
0.018407711811834683,0.016882860018676248,0.012759300558194445,0.024211064885515405
0.020286685084164573,0.01582372569765815,0.011273095210473847,0.021872510145879764
0.022632758562094197,0.018869621578989183,0.009589172138947347,0.030723678281175316
0.01832844160093803,0.014168850703736658,0.007539172158231782,0.023316310737018328
0.0160715435967654,0.027484310762933117,0.01672416120010867,0.0338064899481625
0.0229774263032834,0.025114824364585776,0.016600859314118803,0.03143584077018054
0.020105578442287445,0.016462088625550337,0.007794176887010689,0.026998678359880277
0.022340586345907014,0.022674997732425532,0.00776166632391246,0.03068968890460192
0.018085494540250664,0.017037195723473782,0.00953613353557583,0.025309755476754993
0.021163832711102917,0.017526817553845567,0.008787700291111498,0.027130671253076784
0.019120586001321674,0.022918018349977993,0.007468801913894924,0.02881011127080027
0.021450957733400056,0.026199875664760595,0.0084368873270276,0.02734138189195523
0.019866723386384413,0.02090340933602891,0.013562782604222447,0.032002529839350764
0.02356038249742582,0.02020595795930224,0.01569914905774447,0.027560566674610966
0.02073549822248879,0.022243811634560684,0.010231083873297048,0.0283555645048164
0.020162591028787327,0.012240215538369697,0.009199507305264134,0.025616051178623818
0.020379838019111036,0.015143275783619469,0.007988006179902342,0.026444275024124365
0.017651134560388734,0.019598977201710777,0.007612896684473175,0.022538917152804462
0.026643174745726896,0.02669623964316121,0.012011349045603602,0.029080323876716222
0.01902694596031728,0.01828470751718199,0.011652625417682298,0.02720399590965524
0.024623218855255573,0.01883797593182648,0.013298923158370196,0.02781142239605637
0.023301297421662526,0.021388672119112835,0.008866421402912198,0.028993157333673986
0.017860047983210718,0.012766954909861978,0.010394451598765057,0.02563687036801881
0.021618621088891257,0.02014755147582019,0.009095861042304703,0.02995324392076748
0.020121356901314728,0.017885236502924243,0.007932498850328571,0.02673174261576306
0.020237903808158944,0.01785398330582764,0.008363965764630495,0.025916870909693676
0.023455201233893268,0.024543657525989335,0.008980362949749009,0.029476741415478687
0.02049282384147738,0.017817805066646934,0.010744130945434777,0.029587021628920386
0.025415884355603165,0.021136517025810455,0.00888955181903158,0.02870884049416135
0.018425645026202822,0.021864691378225096,0.011843157457258557,0.030356538852648385
0.018536152395910735,0.01873391797119825,0.010337594712815997,0.026668144019206884
0.02156382478153908,0.021028743913657423,0.008471969218533201,0.02956575912601527
0.023490824082813257,0.0201771412678064,0.00985952734553259,0.025195960882174982
0.021354049253349213,0.023822466034713823,0.00914930003706087,0.02856136184321638
0.021267047657463976,0.019192737752171,0.008189268555640635,0.027788485819707918
0.03265241058911874,0.01834784162908721,0.01559146478924145,0.029792280006031728
0.019282820065244115,0.014262702108919353,0.009172266306223992,0.025677481269732967
0.021192005316764163,0.023303239980930875,0.011603578472623617,0.029195178229942963
0.022271964174202564,0.021122217835538828,0.012005132221008106,0.028615450350569237
0.022411430695808816,0.017395585983066866,0.008616082248497074,0.02968250908107093
0.02132736683808343,0.024675727210786674,0.009569255519217772,0.029569285956032997
0.01822026120215469,0.014864292588461864,0.009560963492035633,0.02507160823217893
0.012719183230350609,0.017874317041838,0.011461489164037237,0.025075904791437273
0.020751366871659658,0.021865044187461456,0.009514180495992671,0.031191024456632716
0.0218599732024432,0.015312383205641752,0.009762413383824126,0.023492552047665476
0.0270507123906813,0.02570154401887259,0.012322250022026282,0.030616008273333856
0.01989906102997661,0.014078804253935252,0.008690524135886722,0.02766788683559608
0.02219388479279738,0.020982225508219182,0.011942101023301614,0.030375218212039583
0.019275771968904964,0.01572347509882026,0.00826749433667531,0.025741582291432273
0.02103187026747259,0.02564306353265744,0.009064852056134318,0.030818735574885625
0.01769862506151627,0.01869725347001023,0.009148013869645937,0.02861300723507467
0.02181686079533194,0.024644891575394283,0.013684805893062826,0.02594846973356367
0.022494713962798313,0.02591143499051208,0.00937863759993112,0.028754947790538915
0.02224863627781824,0.023073888100247353,0.009519601442432413,0.0315481391160761
0.02260671435909554,0.020578969280533578,0.0105210048952146,0.03425786895485758
0.02182617335711642,0.021164520663529134,0.011562542100011945,0.027900013033708593
0.02155828596068039,0.0173639732746145,0.011564113074676242,0.024715508112673774
0.017926227379064033,0.01567156019422894,0.008665775728275552,0.025567046780846717
0.017739486488450727,0.01624962437229226,0.009014846228354634,0.025295558551712186
0.02045271983040448,0.026721979444855992,0.018593982222129407,0.03185704263836481
0.019845143425994714,0.015199060747932716,0.009139622225595546,0.02868217716618436
0.019579089867861183,0.01632042527131114,0.00919702326817185,0.02692355926405802
0.020520546942954777,0.02306275170025314,0.01003643609049968,0.029873005010369297
0.018492788172981597,0.01773059010885311,0.010608577277781826,0.026313265536116903
0.015919220653753695,0.01786106076300849,0.010618859847237158,0.02538213482968998
0.02691448153587203,0.02337609940558718,0.010674397273673981,0.03013360259591734
0.018690653166773256,0.01265291700133844,0.01201480446575328,0.0244686004662858
0.02103515885504877,0.01871194519928398,0.011273185326573997,0.02945434307989258
0.02495830457726341,0.02077643827745733,0.009173554881820156,0.030759571462482788
0.021017994514066697,0.02308516689839106,0.011525486739038571,0.029369057415446796
0.01842366888159762,0.01524618855421089,0.009280978413839477,0.02706534289866499
0.02263054751815492,0.01641958940707242,0.00876881912810008,0.02833101801631061
0.0221491376822355,0.019992615360185303,0.008453639357360201,0.026701554081292853
0.019708640946644353,0.021836662670408315,0.00993614549744607,0.027734090874113607
0.01953661625190041,0.019907163710537374,0.012317371186418527,0.023257747072518514
0.018127730397103574,0.017748503211097923,0.008639923244740003,0.02472830626527333
0.02105313230549119,0.024958131636702772,0.011284898600489335,0.027125392498839215
0.019942967861653182,0.015394509626867822,0.010443707591602396,0.024884539487981833
0.01981874498791268,0.021007526492402145,0.010759169981634996,0.027587462374679336
0.022050290221504544,0.029474461953355124,0.010181461589337562,0.030428175506035774
0.018245635272070116,0.020112639991605025,0.010642904254949577,0.027378759147101354
0.018457053795244475,0.01802524201787628,0.009633308348406786,0.029794205762290214
0.020984629907272553,0.01773328360568617,0.011286409799907623,0.029327390283954397
0.022440722337093662,0.022029525629395905,0.011718985411847078,0.02931169215209715
0.02284972185481289,0.023016819767740098,0.01170570319547275,0.030575507540713327
0.02383420659356156,0.025317890264611075,0.008950588728014394,0.028662313791813047
0.01822933936451342,0.01728461486016252,0.010814556683927931,0.02541968977786343
0.01938353907764291,0.016676041603073732,0.009673586478543078,0.02685413648393728
0.022241412389358606,0.02863417542587858,0.01562883357056253,0.03528817882299405
0.019588908454847544,0.020472814611756738,0.009395595930980279,0.023835249574019036
0.019522005359164075,0.01533448134147919,0.00858470574291502,0.026021668636761475
0.018747853716120026,0.016425771131903855,0.01150498140353972,0.024672182182237403
0.0183137508922279,0.018327794820596197,0.009094274196078772,0.024785416556147463
0.022695047811679074,0.024855670056959205,0.008871894528035894,0.02827282493019844
0.0214165720778847,0.015306763398195311,0.011013042275138683,0.026401813667647114
0.021063018577471757,0.01279595274552545,0.009007048441377216,0.02479868924028087
0.019669625927882874,0.02250671846137812,0.015898961468831563,0.028169295201375136
0.016698706918298563,0.017412643804929837,0.01068168143704987,0.028266105958595487
0.020631017545595442,0.019872228127828198,0.008855091067928166,0.027936105555059078
0.01897761175891404,0.01436390446918878,0.00888342911521619,0.024808030792881526
0.02234352167101185,0.023503519657970352,0.01033814083680034,0.02940027352750703
0.020920946132605138,0.02074682772475621,0.009903707668040461,0.028977602373833573
0.023734206110457266,0.027249758190030886,0.013274872516889122,0.030138988866253647
0.018104465660397952,0.015185504300929721,0.009139165907471209,0.025167563833203323
0.02079835583620905,0.025119329136257876,0.009548847850932202,0.027149697956867697
0.017526830584254742,0.0253768550312928,0.01676822446355503,0.030255901408120678
0.021121919779211788,0.0170021265111167,0.01092720814758159,0.02344846309729621
0.022919364718478746,0.02760600214933379,0.013738849424631638,0.027378925773391592
0.021642196776265728,0.023367535460785863,0.011649852155727967,0.02920165743007961
0.021686997912306785,0.02872480244955613,0.011282613636473454,0.0302971268220217
0.018807669242194725,0.017180922304396298,0.011486288975218735,0.025246379971877356
0.02287446792002991,0.026485215113065272,0.0141978757525539,0.03094253744907763
0.021674194975669706,0.01644518240020047,0.011527468492595404,0.024803307480507117
0.020944203382256388,0.019308978520469373,0.008665541034878804,0.02948502424343967
0.017188995077263403,0.01584456545855993,0.010721612233166592,0.026638219009026298
0.01951534872995258,0.018301456098182935,0.008398066342634045,0.024206087127770736
0.02362443282038767,0.02420908094202294,0.010191738389638862,0.03279068445496432
0.018215092290396074,0.016296352838450323,0.009023876263143554,0.02610906019802758
0.023223030145009458,0.021400447278979207,0.009655290217091902,0.03037148814828043
0.020265487497233184,0.018987786526384273,0.009006185038421021,0.027174179664971286
0.019426671122506362,0.014497303472507453,0.008741444132785003,0.023667409826098246
0.01888362704805303,0.016483312079941623,0.010190707253352277,0.02558262639460768
0.022119712990773886,0.019857395258088148,0.008151953419029561,0.026225397059230028
0.017051206874169403,0.016615140836131876,0.00902056726655731,0.025745317640116255
0.018855906723958482,0.024542401624845517,0.009953726074984508,0.02690936721748568
0.02095569514948904,0.020672169854820614,0.00945640646407793,0.029240522923438
0.018409104560184936,0.016608170904861344,0.010746407728034209,0.02653224357302698
0.024390300191912177,0.023152186374685746,0.013248708299295593,0.030705550343304754
0.016677336502447477,0.021346476925535575,0.011219796118732351,0.025460358255077746
0.018341909687882733,0.016317280514206656,0.008815003321835598,0.023142962363630615
0.018707449305455193,0.01636060289691182,0.0091255986935606,0.027222943360276065
0.019516329556646707,0.016324818924245817,0.012650849595301782,0.02601319596501294
0.02397956458483029,0.02188256841621795,0.01094081947861546,0.03147520834983187
0.01651034790264929,0.018950867014440112,0.011468213188318066,0.02794552906985489
0.024045511116346778,0.02233801431145773,0.014606044118116557,0.031839563595209716
0.020339865995803716,0.023941152933077813,0.01120561645095066,0.021638683524146975
0.01954150228859713,0.015448881376001219,0.009441238835610714,0.024329162031650194
0.01947181620549359,0.015066072812792455,0.009731732898778118,0.02458823229070861
0.02450359352447425,0.026863698172002758,0.009591651644982348,0.031963205155128016
0.017817424230266412,0.01699597353674674,0.010326620963013589,0.02689462781238823
0.02287978317954685,0.015112832501148013,0.011512471555553589,0.0277629181950729
0.019719028718363348,0.014989557746532371,0.009175068811531703,0.0292636994500422
0.02065427791227909,0.017103273588537308,0.008394633977312575,0.029777109913346624
0.022339418155711603,0.018291744130187332,0.011679711629497965,0.02765179345731854
0.021038523291356616,0.0228879678723971,0.01103559668933854,0.030424109199254423
0.024913488484205982,0.023745046942500465,0.01030079720182271,0.029088335787600506
0.028281880300761363,0.018055060445383457,0.011547243001715177,0.031427730576370855
0.019566828973461084,0.020024096583249468,0.011406203326654894,0.025561557812030462
0.02220962305236137,0.022015061211169463,0.008732094285119344,0.026421089902301624
0.02083891480004694,0.019165963242429408,0.009517557222336805,0.02926053405945149
0.02490305566382195,0.023708707964258852,0.012649707553720335,0.029499078892764638
0.01646741503728764,0.018505812097701985,0.010283938093510088,0.027136945775027045
0.021668947584261022,0.020514260123658305,0.008867052241559275,0.028198579190029417
0.01984241114083202,0.027071560741989905,0.010122229022796764,0.029692261219032345
0.023452188779306746,0.018886381965516164,0.01357291524594297,0.029708174172911266
0.01862459635341713,0.016615330293116272,0.010778389084668012,0.025850503017496418
0.019078636615127643,0.018157849546650853,0.010499993204028658,0.025570210849407374
0.021057462133483796,0.019077717676607434,0.013028177772657554,0.029527830131511897
0.017387333199484368,0.016818405973939778,0.012246606221041388,0.024862740545470444
0.02239059647554295,0.017767475830301763,0.007844141281534722,0.03140032309086171
0.01559804076571765,0.016561481528199223,0.010134803501704474,0.027015934144700562
0.022787756067417484,0.020546304271228295,0.009553547559114722,0.02860881702209469
0.020539949578546074,0.020600362544819256,0.009215467742645884,0.029937055131247246
0.019337226434498214,0.016614193308378405,0.01006155331695574,0.023768602447618983
0.021970279718990855,0.02006036295290624,0.008940670164972808,0.029623497482661895
0.021456026645055856,0.023049943795261305,0.010676304027099646,0.028093266972364896
0.02409056168526174,0.024290879126386458,0.010622497355396629,0.030000576562968374
0.020951616163610808,0.020857124213774295,0.0105691557319671,0.026306039418556672
0.02230394195439119,0.02077099056625544,0.01192588146749967,0.028081935609316832
0.02246991243424329,0.019307009200673908,0.008508698775845704,0.026411792415518054
0.0200577417686017,0.019304242455661914,0.013347419696621727,0.024292162470469333
0.018672931040697116,0.016068424766164543,0.012269277556402225,0.0296378091873523
0.019360793097327442,0.018285090078731105,0.009513420227530949,0.025152330853337915
0.0223325074268946,0.019428270875584214,0.008777610051654044,0.02800524479864447
0.022429024984941613,0.02540610730718798,0.013174666191995931,0.027903860701737143
0.019782226944340224,0.019609539461007255,0.008484180966721086,0.02625177815265692
0.01992713781989406,0.020450687947404365,0.009700235329115205,0.02784008336221206
0.02186469392650451,0.02157894966901752,0.012613659104027376,0.027638944817684887
0.01436024075546725,0.02451566823857359,0.017368724045082207,0.0276361267463708
0.020704426791375276,0.01895370306860566,0.012230405630180163,0.024836486203306446
0.01921064877620895,0.016846519122472276,0.010733213664940094,0.02669844670455602
0.019430743824851007,0.014743367653246709,0.0085830716335654,0.025036739963075715
0.020446139929496156,0.016598134596380487,0.010873262418655456,0.02691389394497456
0.02146504667569655,0.016520389952358237,0.01366168131608949,0.026223048427896006
0.014827768184195301,0.022633090418714627,0.01839491713796512,0.028754121321007187
0.019215611275922154,0.017908062574923823,0.013334432574690486,0.026696101687912033
0.021020823861786164,0.020653538110618555,0.010018266564820875,0.023990346516662337
0.024725957895582587,0.02437111510085587,0.012122652229183312,0.02828839618327762
0.024815237557744996,0.0190434969702009,0.00992860157031513,0.029651689606596213
0.019176544396980928,0.01171164706715941,0.008832585655406651,0.027701838025289797
0.01905267875383587,0.02222980486353393,0.010372206527310811,0.026913570741391543
0.018442200321681784,0.017864519090587266,0.008370391028642244,0.022768618781206604
0.020203212788536255,0.019895563037602558,0.012427163009363293,0.02376120374708656
0.019902018169835466,0.0232494658569146,0.009899143816130588,0.027667175354189243
0.016730436696446294,0.01617961759733565,0.010862263504687117,0.02593054288140289
0.017728038330838605,0.016087794766571805,0.0105594265325126,0.02533584734265709
0.017289366489895014,0.015050180373246746,0.009630508917095772,0.02571170045908379
0.02000141144872649,0.019107389850951857,0.01098884823405487,0.028007700802950373
0.024018647130052577,0.021210586350228218,0.008035874816286067,0.02966992446766803
0.019991979421166914,0.018350721362762917,0.011876154785367715,0.024686614779648227
0.020443714854727756,0.02094602179062509,0.010631189371677272,0.030255536958799158
0.022874987487074894,0.023627322119787922,0.01200370249784784,0.028165587903549144
0.022150763380728317,0.024542401217025032,0.01801514890466346,0.034673196686252974
0.018553291508718373,0.016446623386181955,0.010999982073013007,0.02633741166838559
0.02239260299978983,0.024888916534943607,0.007682674076267144,0.031837979433867056
0.01940666545304591,0.018684463366266345,0.009190566079561417,0.023731209373284885
0.018259866297397676,0.016739449529142546,0.008145231350268187,0.02615709773266294
0.022931483825676675,0.025035099926500805,0.00952778094719572,0.028545442386161538
0.019670269444988845,0.01908177085450252,0.012397264064808292,0.027038843645326896
0.02152909064841471,0.019972993835829893,0.010852685511228838,0.026226330109199406
0.019033796722107234,0.015695695450295605,0.009769530970428552,0.02420582433811163
0.023266546617787334,0.024406949625662654,0.008368671541778347,0.03139882360153995
0.019899370493965347,0.02016905933586927,0.009835639883463681,0.026219759402084025
0.01857591739615189,0.017018347559801042,0.008661256454974014,0.028292159291611725
0.02431569463181768,0.026963915565595697,0.018495670095914244,0.034112405798431736
0.019479806230113056,0.021363433350524232,0.008387545882822516,0.027205313484000404
0.021226272990445147,0.024773835905597872,0.010967171829357789,0.02818024469326579
0.02031121181454075,0.021597951061258523,0.008937720291293014,0.027657091856821803
0.018790570051153692,0.02147712228239802,0.009488755195108362,0.028834263618610564
0.02421574439745463,0.0247320460493275,0.010899878933061385,0.028590289366295693
0.019859701176724996,0.018363522951514645,0.011702356535757298,0.02689970068236465
0.017910234429408003,0.017717445470654312,0.01114533023727507,0.02580970184072769
0.021179668918649544,0.018611337207670633,0.011344682409084216,0.027189437183187674
0.01903662987451052,0.015507841392728365,0.008892476271348652,0.026762612582361952
0.025809202975248517,0.022744074403062586,0.00942138232336933,0.03207523182404654
0.017420090524136678,0.01788921532141275,0.00966708317715333,0.02265294968732632
0.021357012803705375,0.022110440465076528,0.011474744530454611,0.0238353761102814
0.019023788157089182,0.016796583473742684,0.009299036744938007,0.03005155903565919
0.023233834846269175,0.020568542470255947,0.008758159403035133,0.03172895132569736
0.025008552066167825,0.023433946829047404,0.010707122326544536,0.031103197356228664
0.04933443946004871,0.05249879623304658,0.05063122696709707,0.04354667852202696
0.019623730846048786,0.020499335724469023,0.01330144520540234,0.02594173710005765
0.024058907045085218,0.024750943353255686,0.011446752834890791,0.024029908835947127
0.024130133976746276,0.02105957530162377,0.011858904405367325,0.024305415555780856
0.02070578400245896,0.020071928471203322,0.010363906239090621,0.0254659726481075
0.01694107990957067,0.016161715441462318,0.008599204393762949,0.027421810692323183
0.020892970810281304,0.018171961072144492,0.010488390853977007,0.025509526761289515
0.023319833911519247,0.020684963568066574,0.01292304834398722,0.02618649589977469
0.01867911099321834,0.018151484188573284,0.012519162002353352,0.028877299697296667
0.021005872716545325,0.023051896091657344,0.0116830160582721,0.028252199207527237
0.025225733379462566,0.02365151907746946,0.012266999298218487,0.029016057233376212
0.02038001213808783,0.01501481171616565,0.012283968919910807,0.02462693366106068
0.0162058779117015,0.02797407089395404,0.01768269519170146,0.032886848295473906
0.022805344419948213,0.022972464933935885,0.014828258072269514,0.029058093852368745
0.019719176331876392,0.015337794433307891,0.011319940403558694,0.024638197495944193
0.022648257362295483,0.023284884613031208,0.010620135367903672,0.027373098599540603
0.017877023566312752,0.017387348964400657,0.012223474795400117,0.024823371988806464
0.01785036911145257,0.016250008214797357,0.010667054430137539,0.022127242282253143
0.02145354201955604,0.02330209711027921,0.00921551299271749,0.029297640866145003
0.024316470824058516,0.023464730189374117,0.013447744552765638,0.030713628179409088
0.022855407863464128,0.017593027211648467,0.008649287202167545,0.02993855955549558
0.021032016016036447,0.018463569812467395,0.009639731738824386,0.02829012576821457
0.020723088092298163,0.02374895785206911,0.011587989815744767,0.026728371681472372
0.02121656306371872,0.020059976237747457,0.012247194974737323,0.028398627929115485
0.025184678766587754,0.025689767937597564,0.010832879452468275,0.030416121422597038
0.02073729502130947,0.015643999354747272,0.01058594485588464,0.02748829372721756
0.021566472404797435,0.02325767670758489,0.010623399279565855,0.03252500840079589
0.01543250302283049,0.018869731982212135,0.009170196756950244,0.026859291546081576
0.025195053999515077,0.02488257110727847,0.01778256678188398,0.032424080055169446
0.018587811171224516,0.01752882225809755,0.008714970908566213,0.02611946657877661
0.017911993435009155,0.015610285590350529,0.00923189335761793,0.02715292579325971
0.02107981986180263,0.024499455695389912,0.010527810714353329,0.02958645770653308
0.02120793697046356,0.02158923045356045,0.011276481488285629,0.025401805268541945
0.022145800527101245,0.018516145467772617,0.00781727372272148,0.026258760001234574
0.017671549958816153,0.02069215961999846,0.011244408661915159,0.024924980030379844
0.017096869716058387,0.019872241971010143,0.009874044403649739,0.027840766959269275
0.01810127150350046,0.017223197322940705,0.00947035706005618,0.025675026800247667
0.020061149506961945,0.01740726692092696,0.007955904507477223,0.022305568378920712
0.015247477937592745,0.0167286207934371,0.008852306632812775,0.027134187375098345
0.022865261893641162,0.020810854255387923,0.009911680095476102,0.027805461939661366
0.01898180070929132,0.013750914741199619,0.0083711399396547,0.02778007621729882
0.015925263863072844,0.015699526016553868,0.008840130537391706,0.024158965519998476
0.018478523177775007,0.014641023512923776,0.009483204164326634,0.027315087271416884
0.018479213268217703,0.014920152223147265,0.008929458111634798,0.025520944579883742
0.019680315208844376,0.016643543155347634,0.008461459550990024,0.02510619637147423
0.01843834075223793,0.01922718004405654,0.008675631375540255,0.03030223186961444
0.024007555581706343,0.02145177435099957,0.009388954233120757,0.0288289128515491
0.01872126096696635,0.014797399940228152,0.01288763256277886,0.023116451810936488
0.018882801770130134,0.020345750443554786,0.011914030124603198,0.02421826984873053
0.020546362950638893,0.017553080907783097,0.010058215751600118,0.0337672204270967
0.020017619060055735,0.02007984932119789,0.011182262309635004,0.028855575604331305
0.018631429524868466,0.01781034349857707,0.009423896604048507,0.025241933536099787
0.02038357449012433,0.01713024579120014,0.009471656663061198,0.02309342592393979
0.020697064786898756,0.01905072673067413,0.008229293552408845,0.025595598287154984
0.020629875722087625,0.020908581530140646,0.012260823348582812,0.02792844161249062
0.022122568955478077,0.021257601673430875,0.012056125623845653,0.029363926202560092
0.018827857600572158,0.014904131373886874,0.010542700851246072,0.024630573882074663
0.019875442878335266,0.016245581680031713,0.010400820077542672,0.026469628954555114
0.01998331724683455,0.017285791643412828,0.009724601918845492,0.02732695201583045
0.02526330990945848,0.02636291227826741,0.01951822669519734,0.0297556678751822
0.018188074579012614,0.022830827076102494,0.010499742712351238,0.029036737965851156
0.022860355330058917,0.024244308829005266,0.010544342907354568,0.026714119995834812
0.01813319753400686,0.018623293507300014,0.007649463093797065,0.02579315423325205
0.017764207292584277,0.018763699943591217,0.009697107538757493,0.025221207662629037
0.02151598128822552,0.018770113833749554,0.014058314886189426,0.03134001470174748
0.030624187341610473,0.0719103839400814,0.024929034003269675,0.04756450447691934
0.019606008724916343,0.014183794404770734,0.009074514855000618,0.027808735986459575
0.02112784944489047,0.01746241175276811,0.009365724072212728,0.025915146157863757
0.02041873313511668,0.01916919801035425,0.008243567512974453,0.030246408571085313
0.020838032277860227,0.02225029269477785,0.0085317013700029,0.030842017139434623
0.021297045336964783,0.022917874267465894,0.01101672305696597,0.03185591957781847
0.0194477305558143,0.017304319289747152,0.0083531789327547,0.02394906340039482
0.02319309436355137,0.021497510652969523,0.01653385651085546,0.02940505974706207
0.020840182338894918,0.0144110862114397,0.00929625800866668,0.025383991924242042
0.01997912350129196,0.02425086230184672,0.01049325301902727,0.02707849214039456
0.016813981937448607,0.021041901279635414,0.019036311079889342,0.035112171828907385
0.020102986165948848,0.022151663748003068,0.01802142360793868,0.029430548692549144
0.01846925367194021,0.01782982201412093,0.010469159188065215,0.02703887450566468
